index;interpretable?;commentaires;;VFA_geq;TAN_geq;IC_geq;FOS_geq;TAC_geq;FOS_TAC;total_alcalinity;VFA_mmol;TAN_mmol;IC_mmol;pH_initial;506_VFA_geq_PLS;506_TAN_geq_PLS;conductivity_initial;0_1;0_2;0_3;0_4;0_5;0_6;101_0;101_1;101_2;101_3;101_4;101_5;102_0;102_1;102_2;102_3;102_4;102_5;103_0;103_1;103_2;103_3;103_4;103_5;201_pKa_acetatic/acetate;201_pKa_H2CO3/HCO3;201_pKa_HCO3/CO32;201_pKa_fb_vfa_1;201_pKa_fb_vfa_2;201_pKa_fb_nh4_1;201_pKa_fb_nh4_2;202_pKa_acetatic/acetate;202_pKa_NH4/NH3;202_pKa_unknown_pH6;202_pKa_fb_vfa_1;202_pKa_fb_vfa_2;203_pKa_acetatic/acetate;203_pKa_NH4/NH3;203_pKa_unknown_pH6;203_pKa_fb_vfa_1;203_pKa_fb_vfa_2;203_pKa_fb_nh4_1;203_pKa_fb_nh4_2;204_pKa_acetatic/acetate;204_pKa_NH4/NH3;204_pKa_unknown_pH6;204_pKa_fb_vfa_1;204_pKa_fb_vfa_2;204_pKa_fb_nh4_1;204_pKa_fb_nh4_2;301_time;301_acetatic/acetate;301_H2CO3/HCO3;301_HCO3/CO32;301_fb_vfa_1;301_fb_vfa_2;301_fb_nh4_1;301_fb_nh4_2;302_time;302_acetatic/acetate;302_NH4/NH3;303_time;303_acetatic/acetate;303_NH4/NH3;303_unknown_pH6;303_fb_vfa_1;303_fb_vfa_2;303_fb_nh4_1;303_fb_nh4_2;303_lambda_unknown_pH6;304_if_fb;503_RMSE_VFA_pka_th;503_RMSE_pH6_pka_th;503_RMSE_VFA_pH6_pka_th;503_RMSE_TAN_pka_th;503_RMSE_global_pka_th;503_diff_VFA_pka_th;503_diff_pH6_pka_th;503_diff_VFA_pH6_pka_th;503_diff_TAN_pka_th;503_diff_global_pka_th;503_RMSE_VFA_pka_exp;503_RMSE_pH6_pka_exp;503_RMSE_VFA_pH6_pka_exp;503_RMSE_TAN_pka_exp;503_RMSE_global_pka_exp;503_diff_VFA_pka_exp;503_diff_pH6_pka_exp;503_diff_VFA_pH6_pka_exp;503_diff_TAN_pka_exp;503_diff_global_pka_exp;504_distance_pka_VFA;504_distance_pka_TAN;505_VFA_CI;505_TAN_CI;506_VFA_PLS_CI;506_TAN_PLS_CI;506_VFA_geq_PLS;506_TAN_geq_PLS;506_PLS_run;506_VFA_score_dist_X;506_VFA_orth_dist_X;506_VFA_score_dist_model;506_VFA_orth_dist_model;506_TAN_score_dist_X;506_TAN_orth_dist_X;506_TAN_score_dist_model;506_TAN_orth_dist_model
T1_1_1;yes;;;;;0.0;1.4234;0.2149;6.6225;0.5768;;;0.0;6.6381;;;1.0009;2023-03-03_01_SNAC04450207_src.csv;SNAC04450207;03/03/2023;1.0;1.04;T1_1_1bis;True;;;;;Noise:15.0. Treshold: 300. s: [0.01];False;;too many pics in important section(s) of the signal;;;Noise:45.0. Treshold: 100. s: [0.01];False;;too many pics in important section(s) of the signal;;;Noise:0.0144. Treshold: 100. s: 0.2;4.65;6.43;;9.74;8.64;;;4.65;9.74;6.43;8.64;;;9.55;;;10.14;10.11;;;;;;;;;0 days 00:00:31.746915;0.01225;0.0;;;;;;;;;;;;;;;;;;no_run;;;;;;;;;;;;;;;;;;;;;;;;;;;;;True;;;;;;;;
T1_1_2;;;;0.9266;1.1203;0.0;1.3706;0.2117;6.4729;0.5602;15.4436;80.0229;0.0;6.6498;;;1.0251;2023-03-03_02_SNAC04450207_src.csv;SNAC04450207;03/03/2023;1.0;1.04;T1_1_2bis;True;;;;;Noise:20.0. Treshold: 300. s: [0.0099];True;;;;;Noise:52.9176. Treshold: 100. s: [0.0086];False;;too many pics in important section(s) of the signal;;;Noise:0.0138. Treshold: 100. s: 0.2;4.52;6.29;;9.74;3.16;;;4.52;9.74;6.29;3.16;7.22;4.8;9.5;6.73;;;9.79;;4.52;9.74;6.29;3.16;7.22;;;0 days 00:00:34.913810;0.00991;0.0;;;;;;;;;0 days 00:04:07.078749;0.01473;0.07634;0.0;;;;;1.0;yes_run;0.00292;0.00113;0.00083;0.00303;0.00271;-0.0005;-0.00049;-0.00024;1,00E-05;-0.00027;0.00292;0.00077;0.00096;0.00302;0.00271;-0.0005;3,00E-05;-0.00036;1,00E-05;-0.00027;0.15;0.255;;15.937;;;;;True;;;;;;;;
T1_1_3;;;;0.327;1.0832;0.0;1.3793;0.2157;6.3941;0.5663;5.4503;77.3717;0.0;6.6664;;;1.0199;2023-03-03_03_SNAC04450207_src.csv;SNAC04450207;03/03/2023;1.0;1.04;T1_1_3bis;True;;;;;Noise:15.0. Treshold: 300. s: [0.0099];True;;;;;Noise:48.1861. Treshold: 100. s: [0.0111];False;;too many pics in important section(s) of the signal;;;Noise:0.0121. Treshold: 100. s: 0.2;4.79;;;9.71;4.23;;;4.79;9.71;;4.23;6.76;4.76;9.51;5.83;;;9.82;;4.79;9.71;6.14;4.23;6.76;;;0 days 00:00:31.278717;0.01209;0.0;;;;;;;;;0 days 00:06:06.090873;0.0052;0.07384;0.0;0.0092;;;;15.0;yes_run;0.00319;0.00158;0.00111;0.00333;0.0029;-0.00056;-0.00128;-0.00046;-0.0;-0.00047;0.00319;0.00105;0.00116;0.00323;0.0029;-0.00056;-0.00072;-0.00042;0.0001;-0.00047;0.153;0.244;;15.25;;;;;True;;;;;;;;
T1_1_4;;;;0.7416;1.0858;0.0;1.3767;0.1934;7.1161;0.5435;12.3602;77.5623;0.0;6.6453;;;1.0323;2023-03-03_04_SNAC04450207_src.csv;SNAC04450207;03/03/2023;1.0;1.04;T1_1_4bis;True;;;;;Noise:20.0. Treshold: 300. s: [0.01];True;;;;;Noise:40.0. Treshold: 100. s: [0.0099];False;;too many pics in important section(s) of the signal;;;Noise:0.0125. Treshold: 100. s: 0.2;;6.16;;4.39;9.69;;;;9.69;6.16;10.03;4.39;4.52;9.5;6.48;;;9.76;;4.81;9.69;6.16;;4.39;;;0 days 00:00:26.858222;0.00985;0.0;;;;;;;;;0 days 00:03:47.292511;0.01181;0.07415;0.0;0.0;;;;6.53163;yes_run;0.00347;0.00233;0.00168;0.00384;0.00322;-0.00047;-0.00182;-0.00059;4,00E-05;-0.00019;0.00347;0.00166;0.0017;0.00362;0.00322;-0.00047;-0.00109;-0.00112;0.00016;-0.00019;0.155;0.246;;15.375;;;;;True;;;;;;;;
T1_2_1;no;TAN possible;;;;0.0289;0.261;0.0236;11.021;0.09;;;0.5799;6.3865;;;0.2773;2023-03-07_02_SNAC04450207_src.csv;SNAC04450207;07/03/2023;1.0;1.04;T1_2_1;True;;;;;Noise:58.8847. Treshold: 300. s: [0.0224];False;;too many pics in important section(s) of the signal;;;Noise:50.0. Treshold: 100. s: [0.01];True;;;;;Noise:0.0076. Treshold: 100. s: 0.2;4.9;6.1;;9.73;3.22;;;4.9;9.31;6.1;9.73;3.22;;9.33;;6.81;;;;;;;;;;;0 days 00:00:13.845129;0.0009;0.00057;;;;;;;;;;;;;;;;;;no_run;;;;;;;;;;;;;;;;;;;;;;;;;;;;;True;;;;;;;;
T1_2_2;no;TAN possible;;;;0.0717;0.0532;0.0478;1.1132;0.0614;;;1.4357;6.4199;;;0.2767;2023-03-07_03_SNAC04450207_src.csv;SNAC04450207;07/03/2023;1.0;1.05;T1_2_2;True;;;;;Noise:151.6083. Treshold: 300. s: [0.0152];False;;too many pics in important section(s) of the signal;;;Noise:69.8607. Treshold: 100. s: [0.0146];True;;;;;Noise:0.0191. Treshold: 100. s: 0.2;;;;;9.69;;;;9.2;5.49;;2.55;;9.01;;6.3;;;;;;;;;;;0 days 00:00:19.728357;0.00135;0.00143;;;;;;;;;;;;;;;;;;no_run;;;;;;;;;;;;;;;;;;;;;;;;;;;;;True;;;;;;;;
T1_2_3;no;TAN possible;;;;0.0116;0.1996;0.096;2.0795;0.1467;;;0.2336;6.4166;;;0.0;2023-03-07_06_SNAC04450207_src.csv;SNAC04450207;07/03/2023;1.0;1.05;T1_2_3;True;;;;;Noise:54.1084. Treshold: 300. s: [0.0151];False;;too many pics in important section(s) of the signal;;;Noise:56.8729. Treshold: 100. s: [0.0129];False;;too many pics in important section(s) of the signal;;;Noise:0.0189. Treshold: 100. s: 0.2;;;;9.81;2.51;;;;9.21;;2.51;9.81;;9.55;6.4;;2.52;;;;;;;;;;0 days 00:00:20.438846;0.00375;0.00023;;;;;;;;;;;;;;;;;;no_run;;;;;;;;;;;;;;;;;;;;;;;;;;;;;True;;;;;;;;
T1_3_1;;;;0.0065;0.5115;0.0546;0.3238;0.0734;4.4087;0.1558;0.1089;36.5391;1.0931;6.3507;;;0.165;2023-03-08_01_SNAC04450207_src.csv;SNAC04450207;08/03/2023;1.0;1.04;T1_3_1;True;;;;;Noise:15.7449. Treshold: 300. s: [0.0101];True;;;;;Noise:35.3892. Treshold: 100. s: [0.0134];False;;Probable lost of calibration. Too few pics in the signal;;;Noise:0.0101. Treshold: 100. s: 0.2;;;;9.72;3.16;;;;9.72;;3.16;7.09;;;;3.74;;10.42;;4.8;9.72;6.1;3.16;7.09;;;0 days 00:00:19.338760;0.0;0.00109;;;;;;;;;0 days 00:03:28.402878;0.0001;0.03497;0.00014;;;;;10.87941;yes_run;0.00143;0.00011;0.00014;0.00146;0.00194;-0.00022;0.0;5,00E-05;3,00E-05;8,00E-05;0.00143;0.00014;0.00015;0.00152;0.00194;-0.00022;4,00E-05;4,00E-05;-0.00014;8,00E-05;0.151;0.206;;12.875;;;;;True;;;;;;;;
T1_3_2;no;TAN possible;;;;0.1993;0.2586;0.1329;1.9457;0.1986;;;3.9878;6.3945;;;0.2738;2023-03-08_02_SNAC04450207_src.csv;SNAC04450207;08/03/2023;1.0;1.05;T1_3_2;True;;;;;Noise:20.0. Treshold: 300. s: [0.0099];False;;too many pics in important section(s) of the signal;;;Noise:39.161. Treshold: 100. s: [0.0123];False;;Probable lost of calibration. Too few pics in the signal;;;Noise:0.0117. Treshold: 100. s: 0.2;;;;9.73;3.91;;;;9.73;;8.82;3.91;;;;6.83;;;;;;;;;;;0 days 00:00:18.633985;0.00657;0.00398;;;;;;;;;;;;;;;;;;no_run;;;;;;;;;;;;;;;;;;;;;;;;;;;;;True;;;;;;;;
T1_3_3;;;;0.0415;0.502;0.0705;0.2158;0.1289;1.6747;0.1837;0.6921;35.859;1.4101;6.4929;;;0.5138;2023-03-08_03_SNAC04450207_src.csv;SNAC04450207;08/03/2023;1.0;1.04;T1_3_3;True;;;;;Noise:20.0001. Treshold: 300. s: [0.0099];True;;;;;Noise:37.443. Treshold: 100. s: [0.0088];False;;Probable lost of calibration. Too few pics in the signal;;;Noise:0.018. Treshold: 100. s: 0.2;;;;9.64;7.15;;;;9.64;;7.15;5.26;;10.0;;3.47;;;;4.8;9.64;6.1;7.15;5.26;;;0 days 00:00:35.797792;0.00259;0.00141;;;;;;;;;0 days 00:02:33.411953;0.00066;0.03422;0.00035;;;;;8.8417;yes_run;0.00179;8,00E-05;0.0001;0.00195;0.00221;-0.00016;2,00E-05;4,00E-05;-2,00E-05;9,00E-05;0.00179;0.0001;0.00011;0.0018;0.00221;-0.00016;3,00E-05;3,00E-05;0.00012;9,00E-05;0.151;0.202;;12.625;;;;;True;;;;;;;;
T1_3_4;;;;0.0838;0.553;0.0743;0.3659;0.0499;7.3296;0.1429;1.398;39.5017;1.4867;6.5955;;;0.4787;2023-03-08_04_SNAC04450207_src.csv;SNAC04450207;08/03/2023;1.0;1.06;T1_3_4;True;;;;;Noise:46.0584. Treshold: 300. s: [0.0218];True;;;;;Noise:84.8813. Treshold: 100. s: [0.0273];True;;;;;Noise:0.0094. Treshold: 100. s: 0.2;;;;9.76;9.29;;;;9.76;6.77;;;;9.64;;10.29;;10.7;;4.81;9.7;6.77;;;;;0 days 00:00:17.426124;0.00218;0.00148;;;;;;;;;0 days 00:02:27.049234;0.0013;0.03695;0.00119;;;;;1.0;yes_run;0.00246;0.00034;0.00048;0.00248;0.00232;9,00E-05;0.0002;5,00E-05;-0.0001;0.00022;0.00246;0.00024;0.00062;0.00239;0.00232;9,00E-05;8,00E-05;-8,00E-05;-0.00012;0.00022;0.154;0.313;;19.562;;;;;True;;;;;;;;
T1_4_1;;;;0.0836;0.0922;0.0;0.1787;0.0184;9.6719;0.0639;1.3946;6.5923;0.0;6.6871;;;0.1297;2023-03-09_01_SNAC04450207_src.csv;SNAC04450207;09/03/2023;1.0;1.02;T1_4_1;True;;;;;Noise:5.0. Treshold: 300. s: [0.01];True;;;;;Noise:23.0543. Treshold: 100. s: [0.012];False;;Probable lost of calibration. Too few pics in the signal;;;Noise:0.0365. Treshold: 100. s: 0.2;;6.39;;9.69;;;;;9.69;6.39;;;;;;7.42;;;;4.8;9.69;6.39;;;;;0 days 00:00:08.814489;0.0;0.0;;;;;;;;;0 days 00:01:08.040334;0.00136;0.00644;0.00072;;;;;8.20707;yes_run;0.00074;0.00016;0.00019;0.00039;0.00192;0.00013;5,00E-05;7,00E-05;-0.00023;0.00089;0.00074;0.00021;0.00019;0.00037;0.00192;0.00013;9,00E-05;7,00E-05;-0.00018;0.00089;0.154;0.206;;12.875;;;;;True;;;;;;;;
T1_4_2;yes;mais pas bcp d epoint pour les petits signaux;;;;0.0;0.2968;0.1028;2.8871;0.1782;;;0.0;6.7185;;;0.3269;2023-03-09_02_SNAC04450207_src.csv;SNAC04450207;09/03/2023;1.0;1.02;T1_4_2;True;;;;;Noise:0.0. Treshold: 300. s: [0.0519];False;;too many pics in important section(s) of the signal;;;Noise:44.0033. Treshold: 100. s: [0.0151];True;;;;;Noise:0.0192. Treshold: 100. s: 0.2;;6.44;;9.75;9.07;;;;9.75;6.44;4.26;;;;;4.18;;8.21;;;;;;;;;0 days 00:00:22.823337;0.00066;0.0;;;;;;;;;;;;;;;;;;no_run;;;;;;;;;;;;;;;;;;;;;;;;;;;;;True;;;;;;;;
T1_4_3;;;;0.0;0.2868;0.0;0.3262;0.0909;3.5858;0.1739;0.0;20.4899;0.0;6.7343;;;0.3267;2023-03-09_04_SNAC04450207_src.csv;SNAC04450207;09/03/2023;1.0;1.02;T1_4_3;True;;;;;Noise:24.566. Treshold: 300. s: [0.0131];True;;;;;Noise:34.0735. Treshold: 100. s: [0.0234];True;;;;;Noise:0.0195. Treshold: 100. s: 0.2;;;;9.68;4.21;;;;9.68;;4.21;6.88;;;;4.08;;8.13;;4.8;9.68;6.1;4.15;;;;0 days 00:00:25.334754;0.00211;0.0;;;;;;;;;0 days 00:02:13.321846;0.0;0.01994;0.0;0.00376;;;;7.43793;yes_run;0.00081;0.00016;0.00034;0.00078;0.00125;-7,00E-05;-7,00E-05;-0.00019;-0.00014;0.0001;0.00081;0.0001;0.00034;0.00052;0.00125;-7,00E-05;-1,00E-05;-0.00019;1,00E-05;0.0001;0.15;0.198;;12.375;;;;;True;;;;;;;;
T1_4_4;yes;;;;;0.0615;0.3332;0.0791;4.2122;0.1638;;;1.2304;6.7036;;;0.3267;2023-03-09_05_SNAC04450207_src.csv;SNAC04450207;09/03/2023;1.0;1.02;T1_4_4;True;;;;;Noise:71.8957. Treshold: 300. s: [0.0144];False;;too many pics in important section(s) of the signal;;;Noise:48.1844. Treshold: 100. s: [0.013];True;;;;;Noise:0.0194. Treshold: 100. s: 0.2;;6.48;10.53;9.77;9.1;;;4.43;9.1;6.48;9.77;10.53;;;;4.15;;8.16;;;;;;;;;0 days 00:00:17.546297;0.0;0.00123;;;;;;;;;;;;;;;;;;no_run;;;;;;;;;;;;;;;;;;;;;;;;;;;;;True;;;;;;;;
T1_4_5;;;;0.0;0.2857;0.0199;0.3333;0.0909;3.6649;0.1757;0.0;20.4086;0.3992;6.8289;;;0.3268;2023-03-09_06_SNAC04450207_src.csv;SNAC04450207;09/03/2023;1.0;1.02;T1_4_5;True;;;;;Noise:20.0. Treshold: 300. s: [0.01];True;;;;;Noise:52.5938. Treshold: 100. s: [0.0191];True;;;;;Noise:0.0199. Treshold: 100. s: 0.2;;6.17;;9.74;3.84;;;;9.74;6.17;3.84;;;;;3.76;;8.17;;4.8;9.74;6.17;3.8;;;;0 days 00:00:23.112853;0.00032;0.00039;;;;;;;;;1 days 03:06:58.362906;0.0;0.01983;0.00035;0.00311;;;;1.00933;yes_run;0.00083;0.00012;0.00013;0.00086;0.00089;-0.00014;-0.0;-2,00E-05;-2,00E-05;-0.0001;0.00083;0.0001;0.00015;0.00081;0.00089;-0.00014;4,00E-05;-4,00E-05;-1,00E-05;-0.0001;0.154;0.188;;11.75;;;;;True;;;;;;;;
T1_5_1;yes;pic artificiel sur TAN, mauvais inter sur changement de pH rapides;;;;0.0;0.5953;0.1131;5.2609;0.2645;;;0.0;6.6033;;;0.3859;2023-03-10_01_SNAC04450207_src.csv;SNAC04450207;10/03/2023;1.0;1.03;T1_5_1;True;;;;;Noise:47.5855. Treshold: 300. s: [0.0144];False;;too many pics in important section(s) of the signal;;;Noise:50.0001. Treshold: 100. s: [0.0099];False;;too many pics in important section(s) of the signal;;;Noise:0.02. Treshold: 100. s: 0.2;4.74;6.23;;9.82;4.24;;;4.74;9.82;6.23;8.84;4.24;4.66;9.59;;;9.83;;;;;;;;;;0 days 00:00:20.923756;0.00403;0.0;;;;;;;;;;;;;;;;;;no_run;;;;;;;;;;;;;;;;;;;;;;;;;;;;;True;;;;;;;;
T1_5_2;yes;pic artificiel sur TAN, mauvais inter sur changement de pH rapides;;;;0.0;0.6369;0.1016;6.2677;0.2635;;;0.0;6.6452;;;0.4378;2023-03-10_02_SNAC04450207_src.csv;SNAC04450207;10/03/2023;1.0;1.03;T1_5_2;True;;;;;Noise:10.0. Treshold: 300. s: [0.0099];False;;too many pics in important section(s) of the signal;;;Noise:27.0954. Treshold: 100. s: [0.0146];False;;too many pics in important section(s) of the signal;;;Noise:0.0124. Treshold: 100. s: 0.2;;6.67;;9.81;8.79;;;4.4;9.81;6.67;8.79;;4.75;9.43;6.58;;9.64;;9.54;;;;;;;;0 days 00:00:29.756322;0.00421;0.0;;;;;;;;;;;;;;;;;;no_run;;;;;;;;;;;;;;;;;;;;;;;;;;;;;True;;;;;;;;
T1_5_3;;;;0.3807;0.5143;0.1849;0.7107;0.1232;5.765;0.3039;6.3462;36.7388;3.6985;6.6848;;;0.5137;2023-03-10_04_SNAC04450207_src.csv;SNAC04450207;10/03/2023;1.0;1.03;T1_5_3;True;;;;;Noise:35.6216. Treshold: 300. s: [0.0179];True;;;;;Noise:40.0. Treshold: 100. s: [0.0099];False;;too many pics in important section(s) of the signal;;;Noise:0.0193. Treshold: 100. s: 0.2;;6.63;;9.65;4.44;;;4.44;9.65;6.63;3.12;;4.84;9.53;6.08;;2.59;;;4.44;9.65;6.63;3.12;;;;0 days 00:00:11.548419;0.01807;0.00369;;;;;;;;;0 days 00:02:43.173519;0.00613;0.03549;9,00E-05;;;;;5.38017;yes_run;0.00134;0.00022;0.00065;0.00145;0.00125;-0.00017;-5,00E-05;-0.00044;-1,00E-05;-0.00011;0.00134;0.00013;0.00069;0.00142;0.00125;-0.00017;-0.0;-0.00046;5,00E-05;-0.00011;0.155;0.197;;12.312;;;;;True;;;;;;;;
T1_6_1;;;;0.7791;1.0608;0.0;1.3217;0.2194;6.0233;0.5554;12.9856;75.7716;0.0;6.7059;;;1.024;2023-03-13_01_SNAC04450207_src.csv;SNAC04450207;13/03/2023;1.0;1.04;T1_6_1;True;;;;;Noise:24.8988. Treshold: 300. s: [0.0103];True;;;;;Noise:25.2343. Treshold: 100. s: [0.0132];True;;;;;Noise:0.0043. Treshold: 100. s: 0.05;4.52;;;9.78;6.82;;;4.52;9.78;;6.82;;;9.67;;3.99;7.6;;;4.52;9.72;6.08;;;;;0 days 00:00:26.963682;0.01279;0.0;;;;;;;;;0 days 00:03:51.012903;0.01248;0.07282;0.0;;;;;13.58662;yes_run;0.00292;0.00092;0.0007;0.00325;0.00262;-0.0004;-0.00081;-0.0;-2,00E-05;-0.00027;0.00292;0.00091;0.00069;0.00306;0.00262;-0.0004;-0.00073;-0.00017;0.00018;-0.00027;0.158;0.183;;11.437;;;;;True;;;;;;;;
T1_6_2;yes;pic artificiel sur TAN, mauvais inter sur changement de pH rapides;;;;0.0;1.2419;0.3325;3.7345;0.6483;;;0.0;7.494;;;1.0229;2023-03-13_03_SNAC04450207_src.csv;SNAC04450207;13/03/2023;1.0;1.04;T1_6_2;True;;;;;Noise:38.0302. Treshold: 300. s: [0.0115];False;;too many pics in important section(s) of the signal;;;Noise:41.7459. Treshold: 100. s: [0.0448];False;;too many pics in important section(s) of the signal;Shift in pH 9.74-9.76. Derivative value 0.226 higher than 0.1;;Noise:0.0122. Treshold: 100. s: 0.2;;;;9.9;8.76;;;4.46;9.9;;8.76;;4.66;9.37;;10.76;;;10.69;;;;;;;;0 days 00:00:26.054978;0.01372;0.0;;;;;;;;;;;;;;;;;;no_run;;;;;;;;;;;;;;;;;;;;;;;;;;;;;True;;;;;;;;
T1_6_3;;;;0.9035;1.0617;0.0;1.2827;0.2726;4.7044;0.5988;15.0599;75.8382;0.0;6.7437;;;1.0294;2023-03-13_05_SNAC04450207_src.csv;SNAC04450207;13/03/2023;1.0;1.03;T1_6_3;True;;;;;Noise:46.2228. Treshold: 300. s: [0.0131];True;;;;;Noise:53.8296. Treshold: 100. s: [0.0546];False;;too many pics in important section(s) of the signal;;;Noise:0.0112. Treshold: 100. s: 0.2;;;;9.9;4.48;;;4.48;9.9;;;;;9.4;;10.77;;;;4.48;9.9;6.08;;;;;0 days 00:00:30.066238;0.01401;0.0;;;;;;;;;0 days 00:03:24.013702;0.01449;0.073;0.0;;;;;10.9745;yes_run;0.00392;0.00143;0.00197;0.00406;0.00362;-0.00048;-0.00123;-0.00059;8,00E-05;-0.0005;0.00392;0.001;0.00179;0.0044;0.00362;-0.00048;-0.00086;-0.00131;-0.00052;-0.0005;0.152;0.181;;11.312;;;;;True;;;;;;;;
T1_6_4;;;;0.8691;1.0416;0.0;1.3044;0.1983;6.5777;0.5299;14.4858;74.4056;0.0;6.7209;;;1.0349;2023-03-13_06_SNAC04450207_src.csv;SNAC04450207;13/03/2023;1.0;1.03;T1_6_4;True;;;;;Noise:20.0. Treshold: 300. s: [0.01];True;;;;;Noise:35.2801. Treshold: 100. s: [0.0162];True;;;;;Noise:0.0124. Treshold: 100. s: 0.2;;6.49;;9.75;4.48;;;4.48;9.75;6.49;;;;9.99;;3.98;;;;4.48;9.87;6.49;;;;;0 days 00:00:29.767689;0.00997;0.0;;;;;;;;;0 days 00:03:53.728210;0.01394;0.07165;0.0;;;;;1.1223;yes_run;0.00282;0.00079;0.00134;0.00252;0.00258;-0.00036;-0.00055;-0.00109;0.00028;-0.00035;0.00282;0.00051;0.00132;0.00298;0.00258;-0.00036;-0.00035;-0.00104;-0.00024;-0.00035;0.158;0.179;;11.187;;;;;True;;;;;;;;
T1_7_1;yes;;;;;0.0;2.6517;0.4093;6.478;1.0835;;;0.0;6.6192;;;1.9748;2023-03-14_01_SNAC04450207_src.csv;SNAC04450207;14/03/2023;1.0;1.05;T1_7_1;True;;;;;Noise:14.0564. Treshold: 300. s: [0.0128];False;;too many pics in important section(s) of the signal;;;Noise:40.0. Treshold: 100. s: [0.0099];False;;too many pics in important section(s) of the signal;;;Noise:0.0108. Treshold: 100. s: 0.2;4.86;;;;9.79;;;4.86;9.79;6.69;4.4;8.42;4.87;9.44;6.23;9.75;;;9.73;;;;;;;;0 days 00:00:38.963467;0.02815;0.0;;;;;;;;;;;;;;;;;;no_run;;;;;;;;;;;;;;;;;;;;;;;;;;;;;True;;;;;;;;
T1_7_2;;;;1.1134;2.1337;0.0;2.5851;0.4446;5.814;1.1018;18.5574;152.409;0.0;6.6111;;;1.8991;2023-03-14_02_SNAC04450207_src.csv;SNAC04450207;14/03/2023;1.0;1.05;T1_7_2;True;;;;;Noise:15.0. Treshold: 300. s: [0.0099];True;;;;;Noise:54.5608. Treshold: 100. s: [0.0437];False;;too many pics in important section(s) of the signal;;;Noise:0.0108. Treshold: 100. s: 0.2;4.78;;;9.79;4.12;;;4.78;9.79;;4.12;;4.86;9.44;6.55;;;;10.2;4.78;9.79;6.09;4.12;;;;0 days 00:00:42.850782;0.0311;0.0;;;;;;;;;0 days 00:11:03.162066;0.01752;0.14392;0.0;0.01422;;;;10.19548;yes_run;0.0042;0.00312;0.00219;0.00428;0.00386;-0.00066;-0.00283;-0.00096;0.00023;-0.00059;0.0042;0.00258;0.00228;0.00423;0.00386;-0.00066;-0.00222;-0.00086;0.00022;-0.00059;0.152;0.195;;12.187;;;;;True;;;;;;;;
T1_7_3;yes;;;;;0.0;2.5926;0.3837;6.7561;1.0428;;;0.0;6.627;;;1.92;2023-03-14_03_SNAC04450207_src.csv;SNAC04450207;14/03/2023;1.0;1.05;T1_7_3;True;;;;;Noise:30.0. Treshold: 300. s: [0.0099];False;;too many pics in important section(s) of the signal;;;Noise:26.0568. Treshold: 100. s: [0.0139];False;;too many pics in important section(s) of the signal;;;Noise:0.01. Treshold: 100. s: 0.2;;;;9.79;4.46;;;4.46;9.79;6.03;;;4.73;9.42;6.42;;9.83;;;;;;;;;;0 days 00:00:40.009319;0.02554;0.0;;;;;;;;;;;;;;;;;;no_run;;;;;;;;;;;;;;;;;;;;;;;;;;;;;True;;;;;;;;
T1_7_4;;;;1.8248;2.0942;0.0;2.6618;0.4567;5.8276;1.1335;30.4142;149.5881;0.0;6.6299;;;1.9273;2023-03-14_04_SNAC04450207_src.csv;SNAC04450207;14/03/2023;1.0;1.05;T1_7_4;True;;;;;Noise:249.4049. Treshold: 300. s: [0.001];True;;;;;Noise:24.8191. Treshold: 100. s: [0.0125];False;;too many pics in important section(s) of the signal;;;Noise:0.0117. Treshold: 100. s: 0.2;;;;9.79;4.44;;;4.44;9.79;;6.75;;4.88;9.36;5.52;10.18;;10.04;;4.44;9.79;6.09;6.75;;;;0 days 00:00:38.805764;0.03315;0.0;;;;;;;;;0 days 00:06:58.346745;0.02874;0.14137;0.0;;;;;6.48443;yes_run;0.00389;0.00138;0.0008;0.00404;0.00352;-0.00053;-0.00115;-0.00032;0.00027;-0.00045;0.00389;0.00152;0.00087;0.00405;0.00352;-0.00053;-0.00127;-0.00055;0.00023;-0.00045;0.157;0.187;;11.687;;;;;True;;;;;;;;
T1_8_1;;;;3.9017;4.4796;0.0;4.8458;0.8202;5.9078;2.0522;65.0298;319.9721;0.0;6.8032;3.42;3.492;3.7137;2023-03-15_01_SNAC04450207_src.csv;SNAC04450207;15/03/2023;1.0;1.08;T1_8_1;True;;;;;Noise:39.8423. Treshold: 300. s: [0.0238];True;;;;;Noise:29.4017. Treshold: 100. s: [0.0143];False;;too many pics in important section(s) of the signal;Shift in pH 9.61-9.62. Derivative value 1.099 higher than 0.1;;Noise:0.0073. Treshold: 100. s: 0.2;4.51;;;9.84;;;;4.51;9.84;;;;4.78;9.43;5.97;10.54;8.99;;;4.51;9.84;6.09;;;;;0 days 00:01:18.390957;0.05974;0.0;;;;;;;;;0 days 00:13:30.852812;0.05979;0.29422;0.0;;;;;6.66011;yes_run;0.00782;0.00237;0.00174;0.00769;0.00711;-0.00107;-0.00211;-0.00107;0.00071;-0.00088;0.00782;0.00172;0.0019;0.00766;0.00711;-0.00106;-0.00152;-0.00143;0.0007;-0.00088;1.144;0.189;;11.812;;;3.42;3.492;True;0.681;0.309;1.458;0.325;0.672;1.266;1.669;1.286
T1_8_2;;;;3.6149;4.331;0.0;4.913;0.7975;6.1604;2.0466;60.2497;309.3588;0.0;6.6884;3.34;3.468;3.7538;2023-03-15_02_SNAC04450207_src.csv;SNAC04450207;15/03/2023;1.0;1.08;T1_8_2;True;;;;;Noise:15.0. Treshold: 300. s: [0.01];True;;;;;Noise:46.5765. Treshold: 100. s: [0.0194];True;;;;;Noise:0.0062. Treshold: 100. s: 0.2;;;;9.8;4.49;;;4.49;9.8;;;;;9.73;;4.13;;;;4.49;9.76;6.08;;;;;0 days 00:01:07.873979;0.05806;0.0;;;;;;;;;0 days 00:14:32.840082;0.05545;0.28473;0.0;;;;;3.61237;yes_run;0.01017;0.00184;0.00142;0.0111;0.00925;-0.00014;-0.00181;-0.00025;0.00156;-0.0;0.01018;0.0017;0.00141;0.01041;0.00925;-0.00014;-0.00167;-0.00062;0.00228;-0.0;1.146;0.174;;10.875;;;3.34;3.468;True;0.657;0.308;1.458;0.325;0.653;1.258;1.669;1.286
T1_8_3;;;;3.6349;4.3083;0.0;4.9107;0.7944;6.1811;2.0429;60.5831;307.7374;0.0;6.6778;3.285;3.456;3.76;2023-03-15_03_SNAC04450207_src.csv;SNAC04450207;15/03/2023;1.0;1.08;T1_8_3;True;;;;;Noise:15.0. Treshold: 300. s: [0.0099];True;;;;;Noise:33.9367. Treshold: 100. s: [0.0211];False;;too many pics in important section(s) of the signal;;;Noise:0.0075. Treshold: 100. s: 0.2;;;;9.8;4.45;;;4.45;9.8;;;;4.9;9.72;;;;;8.35;4.45;9.8;6.08;;;;;0 days 00:01:03.048732;0.05831;0.0;;;;;;;;;0 days 00:13:37.010130;0.05577;0.2833;0.0;;;;;1.75046;yes_run;0.00814;0.00239;0.00139;0.0083;0.00741;-0.00093;-0.00218;-0.0007;0.00092;-0.00078;0.00814;0.00235;0.00154;0.00808;0.00741;-0.00093;-0.00209;-0.00082;0.00107;-0.00078;1.142;0.173;;10.812;;;3.285;3.456;True;0.645;0.309;1.458;0.325;0.643;1.257;1.669;1.286
T1_9_1;;;;6.7532;6.4699;0.0;9.7027;1.5922;6.0936;4.059;112.5538;462.1364;0.0;6.8152;6.317;5.18;7.1588;2023-03-16_04_SNAC04450207_src.csv;SNAC04450207;16/03/2023;1.0;1.15;T1_9_1;True;;;;;Noise:26.6985. Treshold: 300. s: [0.0128];True;;;;;Noise:20.0. Treshold: 100. s: [0.01];True;;;;;Noise:0.0025. Treshold: 100. s: 0.05;;;;9.83;4.41;;;4.41;9.83;;;;;9.71;;3.52;;4.3;;4.41;9.77;6.07;;;;;0 days 00:01:55.728320;0.11899;0.0;;;;;;;;;0 days 00:18:22.949070;0.09742;0.39999;0.0;;;;;14.99999;yes_run;0.02905;0.00279;0.00675;0.03346;0.02666;0.022;0.00244;0.0059;0.0291;0.01933;0.02906;0.00175;0.00624;0.03312;0.02666;0.02201;0.0016;0.00519;0.02907;0.01933;1.148;0.163;;10.187;;;6.317;5.18;True;1.726;0.317;1.458;0.325;2.038;1.273;1.669;1.286
T1_9_2;;;;6.8419;6.4708;0.0;9.6288;1.5886;6.0608;4.0367;114.0327;462.2069;0.0;6.7063;;;7.0871;2023-03-16_05_SNAC04450207_src.csv;SNAC04450207;16/03/2023;1.0;1.15;T1_9_2;True;;;;;Noise:15.0. Treshold: 300. s: [0.01];True;;;;;Noise:47.3392. Treshold: 100. s: [0.0875];False;;too many pics in important section(s) of the signal;Shift in pH 9.63-9.65. Derivative value 0.731 higher than 0.1;;Noise:0.0027. Treshold: 100. s: 0.05;4.54;;;9.87;;;;4.54;9.87;;;;;9.59;;9.71;;9.66;;4.54;9.87;6.06;;;;;0 days 00:01:55.905817;0.11939;0.0;;;;;;;;;0 days 00:17:32.857553;0.09868;0.4;0.0;;;;;1.0;yes_run;0.02789;0.00089;0.00534;0.03131;0.02553;0.0217;-5,00E-05;0.00308;0.02818;0.01899;0.0279;0.00086;0.00403;0.03147;0.02553;0.02171;0.00023;0.0018;0.02734;0.01899;1.146;0.159;;9.937;;;;;True;;;;;;;;
T1_9_3;;;;2.107;6.4846;0.0;9.6183;1.5955;6.0281;4.0409;35.1175;463.1872;0.0;6.6739;6.188;5.151;7.0799;2023-03-16_06_SNAC04450207_src.csv;SNAC04450207;16/03/2023;1.0;1.15;T1_9_3;True;;;;;Noise:27.4948. Treshold: 300. s: [0.0259];True;;;;;Noise:29.6301. Treshold: 100. s: [0.0338];False;;too many pics in important section(s) of the signal;Shift in pH 3.7-3.8. Derivative value 0.222 higher than 0.05;;Noise:0.0055. Treshold: 100. s: 0.2;;;;9.83;4.37;;;;9.83;;4.37;;4.81;9.39;6.15;9.67;;;9.51;4.8;9.83;6.05;4.37;;;;0 days 00:02:08.538863;0.1173;0.0;;;;;;;;;0 days 00:29:12.775403;0.03032;0.4;0.0;0.06245;;;;4.42658;yes_run;0.0243;0.00204;0.00598;0.02739;0.02221;0.01826;-0.00121;0.00404;0.02416;0.01617;0.0243;0.00226;0.0047;0.02738;0.02221;0.01826;-0.00198;0.00283;0.02353;0.01617;1.148;0.153;;9.562;;;6.188;5.151;True;1.675;0.318;1.458;0.325;2.015;1.264;1.669;1.286
T1_10_1;yes;bizarre car avec une concentration très forte an TAN je ne vois pas du tout les AGV (valider leur presence);;;;0.0;0.3981;0.0837;4.7522;0.1849;;;0.0;6.1378;;;5.1202;2023-03-23_01_SNAC04450207_src.csv;SNAC04450207;23/03/2023;1.0;1.02;T1_10_1;True;;;;;Noise:0.0. Treshold: 300. s: [0.0074];False;;too many pics in important section(s) of the signal;;;Noise:1689.3311. Treshold: 100. s: [0.0001];False;;too many pics in important section(s) of the signal;;;Noise:0.0058. Treshold: 100. s: 0.2;;;10.26;9.68;9.19;;;;9.39;;;8.8;;9.64;;9.11;6.08;;;;;;;;;;0 days 00:00:16.074477;0.0;0.0;;;;;;;;;;;;;;;;;;no_run;;;;;;;;;;;;;;;;;;;;;;;;;;;;;True;;;;;;;;
T1_10_2;;;;0.0;5.7545;0.0;0.4479;0.0782;5.7266;0.192;0.0;411.0414;0.0;6.1525;0.559;4.998;5.0997;2023-03-23_02_SNAC04450207_src.csv;SNAC04450207;23/03/2023;1.0;1.02;T1_10_2;True;;;;;Noise:10.0. Treshold: 300. s: [0.0099];True;;;;;Noise:26.911. Treshold: 100. s: [0.0153];True;;;;;Noise:0.0031. Treshold: 100. s: 0.05;4.78;;;9.75;;;;4.78;9.75;;;;;9.7;;3.21;;3.76;;4.78;9.72;6.08;;;;;0 days 00:00:28.297341;0.00128;0.0;;;;;;;;;0 days 00:09:30.405955;0.0;0.39999;0.0;;;;;13.6399;yes_run;0.02379;0.00081;0.001;0.02677;0.0235;0.01387;0.00056;0.0006;0.01862;0.01356;0.02379;0.00062;0.00103;0.02622;0.0235;0.01387;0.00036;0.00033;0.0195;0.01356;0.158;0.17;;10.625;;;0.559;4.998;True;0.6;0.307;1.458;0.325;1.891;1.252;1.669;1.286
T1_10_3;;;;0.0;5.7513;0.0;0.4599;0.0646;7.119;0.1815;0.0;410.8126;0.0;6.1406;;;5.0928;2023-03-23_03_SNAC04450207_src.csv;SNAC04450207;23/03/2023;1.0;1.02;T1_10_3;True;;;;;Noise:10.0. Treshold: 300. s: [0.01];True;;;;;Noise:34.7219. Treshold: 100. s: [0.0176];False;;too many pics in important section(s) of the signal;;;Noise:0.0069. Treshold: 100. s: 0.2;5.09;;;9.76;;;;5.09;9.76;;;;4.84;9.42;5.85;9.62;;9.62;;5.09;9.76;6.08;;;;;0 days 00:00:29.115309;0.002;0.0;;;;;;;;;0 days 00:09:10.948686;0.0;0.4;0.0;;;;;9.56579;yes_run;0.0199;0.00148;0.00147;0.02226;0.01959;0.01221;0.00143;0.00109;0.01678;0.01188;0.0199;0.00132;0.00165;0.02203;0.01959;0.01221;0.00125;0.00075;0.01696;0.01188;0.153;0.17;;10.625;;;;;True;;;;;;;;
T1_10_4;;;;0.0;5.7324;0.0;0.5087;0.0799;6.3629;0.2093;0.0;409.459;0.0;6.1282;;;5.0114;2023-03-23_04_SNAC04450207_src.csv;SNAC04450207;23/03/2023;1.0;1.02;T1_10_4;True;;;;;Noise:20.0. Treshold: 300. s: [0.01];True;;;;;Noise:38.66. Treshold: 100. s: [0.0077];False;;too many pics in important section(s) of the signal;;;Noise:0.0069. Treshold: 100. s: 0.2;;;;9.75;5.19;;;5.19;9.75;;;;5.08;9.41;6.54;10.04;;9.71;;5.19;9.75;6.08;;;;;0 days 00:00:31.734935;0.00354;0.0;;;;;;;;;0 days 00:09:13.434584;0.0;0.39999;0.0;;;;;1.0;yes_run;0.02075;0.00154;0.00153;0.02342;0.02046;0.01361;0.00134;0.00089;0.01831;0.01326;0.02075;0.00138;0.00149;0.02323;0.02046;0.01361;0.00097;0.00074;0.01837;0.01326;0.15;0.172;;10.75;;;;;True;;;;;;;;
T2_1_1;;;;;;1.6817;0.9345;2.1126;0.4423;2.3502;;;33.6358;7.895;;;0.7563;2023-03-22_01_SNAC04450207_src.csv;SNAC04450207;22/03/2023;1.0;1.07;T2_1_1;True;;;;;Noise:21.5092. Treshold: 300. s: [0.0114];False;;too many pics in important section(s) of the signal;;;Noise:36.3988. Treshold: 100. s: [0.0128];True;;;;;Noise:0.0134. Treshold: 100. s: 0.2;4.52;;;9.85;8.81;;;4.52;9.85;;8.81;7.07;;9.89;6.08;3.64;7.84;;;;;;;;;;0 days 00:00:52.826205;0.00569;0.03363;;;;;;;;;;;;;;;;;;no_run;;;;;;;;;;;;;;;;;;;;;;;;;;;;;True;;;;;;;;
T2_1_2;;;;0.4433;0.5508;1.6088;0.8733;2.1166;0.4126;2.3386;7.3884;39.3432;32.1776;8.1218;;;0.8103;2023-03-22_02_SNAC04450207_src.csv;SNAC04450207;22/03/2023;1.0;1.07;T2_1_2;True;;;;;Noise:49.5116. Treshold: 300. s: [0.0469];True;;;;;Noise:26.7654. Treshold: 100. s: [0.0144];True;;;;;Noise:0.0113. Treshold: 100. s: 0.2;;;;9.83;4.44;;;4.44;9.83;;6.85;;;9.44;;3.82;;;;4.44;9.64;6.09;;;;;0 days 00:00:59.982980;0.00744;0.03217;;;;;;;;;0 days 00:02:32.778107;0.00686;0.03656;0.0;;;;;1.90095;yes_run;0.00213;0.00072;0.00067;0.00247;0.00192;0.00011;-0.00053;-0.00039;-0.00011;0.00012;0.00213;0.00053;0.00074;0.00239;0.00192;0.00011;-0.00033;-0.00051;0.00017;0.00012;0.151;0.193;;12.062;;;;;True;;;;;;;;
T2_1_3;;;;;;1.6938;0.964;2.0542;0.4692;2.2992;;;33.8768;7.9658;;;0.8086;2023-03-22_03_SNAC04450207_src.csv;SNAC04450207;22/03/2023;1.0;1.07;T2_1_3;True;;;;;Noise:25.8304. Treshold: 300. s: [0.0174];False;;too many pics in important section(s) of the signal;;;Noise:40.403. Treshold: 100. s: [0.019];True;;;;;Noise:0.0153. Treshold: 100. s: 0.2;;6.28;;9.83;8.61;;;;9.83;6.28;8.61;4.34;;9.51;;10.66;3.72;;;;;;;;;;0 days 00:00:55.087982;0.00485;0.03387;;;;;;;;;;;;;;;;;;no_run;;;;;;;;;;;;;;;;;;;;;;;;;;;;;True;;;;;;;;
T2_1_4;;;;;;1.644;0.9635;2.0793;0.4633;2.3243;;;32.8805;8.0472;;;0.8199;2023-03-22_05_SNAC04450207_src.csv;SNAC04450207;22/03/2023;1.0;1.07;T2_1_4;True;;;;;Noise:15.0. Treshold: 300. s: [0.01];False;;too many pics in important section(s) of the signal;;;Noise:30.0. Treshold: 100. s: [0.01];False;;Probable lost of calibration. Too few pics in the signal;;;Noise:0.0145. Treshold: 100. s: 0.2;;;;9.82;;;;;9.82;5.94;4.28;7.45;;;;3.61;;;;;;;;;;;0 days 00:00:51.113801;0.00691;0.03288;;;;;;;;;;;;;;;;;;no_run;;;;;;;;;;;;;;;;;;;;;;;;;;;;;True;;;;;;;;
T2_2_1;;;;;;12.1943;1.5109;10.0764;0.1499;10.4605;;;243.8879;8.0825;;;1.7618;2023-03-24_01_SNAC04450207_src.csv;SNAC04450207;24/03/2023;1.0;1.24;T2_2_1;True;;;;;Noise:25.0. Treshold: 300. s: [0.0099];False;;too many pics in important section(s) of the signal;;;Noise:35.0. Treshold: 100. s: [0.0099];False;;Probable lost of calibration. Too few pics in the signal;;;Noise:0.0165. Treshold: 100. s: 0.2;4.51;6.18;;9.83;;;;4.51;9.83;6.18;;;;;;4.18;;;;;;;;;;;0 days 00:03:55.420232;0.0;0.24388;;;;;;;;;;;;;;;;;;no_run;;;;;;;;;;;;;;;;;;;;;;;;;;;;;True;;;;;;;;
T2_2_2;;;;0.2268;0.5444;11.6028;1.5542;10.0461;0.1547;10.4413;3.7803;38.8913;232.057;8.1255;;;1.7936;2023-03-24_02_SNAC04450207_src.csv;SNAC04450207;24/03/2023;1.0;1.23;T2_2_2;True;;;;;Noise:15.0. Treshold: 300. s: [0.01];True;;;;;Noise:65.9518. Treshold: 100. s: [0.0139];True;;;;;Noise:0.0169. Treshold: 100. s: 0.2;4.62;;;9.75;3.87;;;4.62;9.75;;3.87;6.69;;9.29;;6.24;;;;4.62;9.52;6.08;;;;;0 days 00:04:52.668238;0.00571;0.23205;;;;;;;;;0 days 00:02:10.186916;0.00305;0.03144;0.0;;;;;1.87316;yes_run;0.00343;0.00026;0.00063;0.00353;0.0031;0.00084;-0.00017;0.00023;-7,00E-05;0.00087;0.00343;0.00022;0.00055;0.00393;0.0031;0.00084;-0.0001;7,00E-05;0.00083;0.00087;0.153;0.186;;11.625;;;;;True;;;;;;;;
T2_2_3;;;;;;11.5594;1.7163;10.0731;0.1703;10.5094;;;231.1894;8.202;;;1.7925;2023-03-24_03_SNAC04450207_src.csv;SNAC04450207;24/03/2023;1.0;1.24;T2_2_3;True;;;;;Noise:15.0. Treshold: 300. s: [0.0099];False;;too many pics in important section(s) of the signal;;;Noise:51.1358. Treshold: 100. s: [0.0276];False;;Probable lost of calibration. Too few pics in the signal;;;Noise:0.0156. Treshold: 100. s: 0.2;4.59;;;9.85;8.64;;;4.59;9.85;;8.64;;;;;3.7;;;;;;;;;;;0 days 00:04:31.356890;0.00617;0.23118;;;;;;;;;;;;;;;;;;no_run;;;;;;;;;;;;;;;;;;;;;;;;;;;;;True;;;;;;;;
T2_2_4;;;;0.3695;0.56;11.7802;1.5176;10.0213;0.1514;10.4071;6.1588;40.0064;235.6052;8.1737;;;1.8;2023-03-24_04_SNAC04450207_src.csv;SNAC04450207;24/03/2023;1.0;1.23;T2_2_4;True;;;;;Noise:15.9. Treshold: 300. s: [0.0102];True;;;;;Noise:31.4374. Treshold: 100. s: [0.0124];True;;;;;Noise:0.0076. Treshold: 100. s: 0.05;;;;9.85;4.49;;;4.49;9.85;;;;;9.36;;5.95;;;;4.49;9.61;6.07;;;;;0 days 00:05:04.455272;0.00362;0.2356;;;;;;;;;0 days 00:02:08.498950;0.00498;0.03235;0.0;;;;;14.98822;yes_run;0.00226;0.00044;0.00048;0.00257;0.00206;0.0004;-0.00039;-0.00014;0.0001;0.00036;0.00226;0.00034;0.00045;0.00255;0.00206;0.0004;-0.00031;-0.00025;0.00046;0.00036;0.151;0.17;;10.625;;;;;True;;;;;;;;
T2_3_1;;;;0.2593;0.6241;39.9999;1.3966;29.7156;0.047;30.0707;4.3223;44.5825;799.9999;7.9822;;;3.7852;2023-03-27_01_SNAC04450207_src.csv;SNAC04450207;27/03/2023;1.0;1.63;T2_3_1;True;;;;;Noise:24.1054. Treshold: 300. s: [0.0158];True;;;;;Noise:39.4813. Treshold: 100. s: [0.0155];False;;too many pics in important section(s) of the signal;;;Noise:0.0142. Treshold: 100. s: 0.2;;;;9.92;4.23;;;;9.92;;4.23;;;9.46;;10.7;;9.72;;4.8;9.92;6.11;4.23;;;;0 days 00:03:10.729621;8,00E-05;0.79999;;;;;;;;;0 days 00:01:55.085096;0.00264;0.02726;0.0;;;;;15.0;yes_run;0.00116;0.00022;0.00022;0.00131;0.00118;-3,00E-05;-0.00021;-0.00011;1,00E-05;4,00E-05;0.00116;0.00018;0.00019;0.00141;0.00118;-3,00E-05;-0.00017;-0.00015;-0.00013;4,00E-05;0.153;0.205;;12.812;;;;;True;;;;;;;;
T2_3_2;;;;0.1456;0.6039;;;;;;2.4267;43.138;;8.1015;;;3.8167;2023-03-27_02_SNAC04450207_src.csv;SNAC04450207;27/03/2023;1.0;1.63;T2_3_2;False;;;;;Too many outliers;True;;;;;Noise:46.5377. Treshold: 100. s: [0.0335];False;;too many pics in important section(s) of the signal;;;Noise:0.0122. Treshold: 100. s: 0.2;;;;9.7;4.11;;;;9.7;;4.11;;;9.23;;;10.76;10.69;;4.8;9.7;6.09;4.11;;;;;;;;;;;;;;;0 days 00:01:59.043038;0.00148;0.02641;0.0;;;;;5.9073;yes_run;0.00125;0.00023;0.00022;0.0013;0.0012;0.0;-0.00021;-7,00E-05;-0.00032;7,00E-05;0.00125;0.0002;0.00021;0.00118;0.0012;1,00E-05;-0.00016;-8,00E-05;-3,00E-05;7,00E-05;0.15;0.192;;12.0;;;;;True;;;;;;;;
T2_3_3;;;;;;40.0;1.5568;29.5395;0.0527;29.9353;;;800.0;8.1093;;;3.8154;2023-03-27_03_SNAC04450207_src.csv;SNAC04450207;27/03/2023;1.0;1.63;T2_3_3;True;;;;;Noise:17.1679. Treshold: 300. s: [0.0202];False;;too many pics in important section(s) of the signal;;;Noise:67.5379. Treshold: 100. s: [0.0145];True;;;;;Noise:0.0153. Treshold: 100. s: 0.2;4.51;;;9.89;8.38;;;4.51;9.89;6.69;8.38;;;9.72;;4.24;;6.99;;;;;;;;;0 days 00:02:42.383425;6,00E-05;0.8;;;;;;;;;;;;;;;;;;no_run;;;;;;;;;;;;;;;;;;;;;;;;;;;;;True;;;;;;;;
T2_3_4;;;;0.2593;0.5798;39.9999;1.6644;29.5965;0.0562;30.0196;4.3226;41.4151;799.9999;8.2116;;;3.8127;2023-03-28_03_SNAC04450207_src.csv;SNAC04450207;28/03/2023;1.0;1.63;T2_3_4;True;;;;;Noise:35.3004. Treshold: 300. s: [0.0389];True;;;;;Noise:36.5302. Treshold: 100. s: [0.0162];False;;too many pics in important section(s) of the signal;;;Noise:0.0151. Treshold: 100. s: 0.2;;;;9.9;4.33;;;;9.9;;4.33;;5.12;9.44;;9.36;;9.56;;4.8;9.9;6.09;4.33;;;;0 days 00:02:51.286917;0.00053;0.79999;;;;;;;;;0 days 00:03:02.526088;0.00264;0.02532;0.0;;;;;5.94461;yes_run;0.00107;0.00045;0.00041;0.0012;0.00102;-2,00E-05;-0.00039;-0.00018;0.0;0.0;0.00107;0.00034;0.00038;0.00127;0.00102;-2,00E-05;-0.0003;-0.00027;-0.00012;0.0;0.151;0.191;;11.937;;;;;True;;;;;;;;
T3_1_1;;;;0.1221;0.8167;2.2931;1.8332;3.3795;0.5424;3.8456;2.0352;58.3387;45.863;7.7145;0.43;1.237;0.4946;2023-03-30_02_SNAC04450207_src.csv;SNAC04450207;30/03/2023;1.0;1.15;T3_1_1;True;;;;;Noise:23.1888. Treshold: 300. s: [0.0118];True;;;;;Noise:24.9275. Treshold: 100. s: [0.0123];False;;too many pics in important section(s) of the signal;;;Noise:0.0103. Treshold: 100. s: 0.2;;;;9.77;5.95;;;;9.77;5.95;;;5.05;9.39;5.94;;;9.7;10.64;4.8;9.77;5.95;;;;;0 days 00:01:19.461613;0.01007;0.04586;;;;;;;;;0 days 00:06:12.773078;0.00176;0.05051;0.0053;;;;;7.07573;yes_run;0.00134;0.00089;0.00124;0.00096;0.00858;0.00046;0.00013;0.00044;-0.00032;0.00382;0.00134;0.0011;0.00125;0.00105;0.00858;0.00046;0.00032;0.00053;-0.00018;0.00382;0.15;0.171;;10.687;;;0.43;1.237;True;0.587;0.308;1.458;0.325;1.152;1.239;1.669;1.286
T3_1_2;;;;0.072;0.8679;2.1929;1.7971;3.3557;0.5355;3.8126;1.2008;61.999;43.8599;7.7653;0.474;1.244;0.4726;2023-03-30_03_SNAC04450207_src.csv;SNAC04450207;30/03/2023;1.0;1.15;T3_1_2;True;;;;;Noise:16.5613. Treshold: 300. s: [0.0035];True;;;;;Noise:27.8774. Treshold: 100. s: [0.0168];False;;too many pics in important section(s) of the signal;;;Noise:0.0076. Treshold: 100. s: 0.2;;;;9.78;2.71;;;;9.78;5.97;2.71;;4.71;9.41;6.01;;;;;4.8;9.78;5.97;2.71;;;;0 days 00:01:45.985909;0.00921;0.04385;;;;;;;;;0 days 00:13:31.842912;0.00103;0.05354;0.00709;0.03512;;;;11.51994;yes_run;0.00141;0.00126;0.00165;0.00094;0.00203;0.00051;0.00014;0.00068;-0.00025;0.00021;0.00141;0.00151;0.00167;0.00098;0.00203;0.00051;0.00035;0.00082;-0.00017;0.00021;0.522;0.166;;10.375;;;0.474;1.244;True;0.562;0.307;1.458;0.325;1.146;1.239;1.669;1.286
T3_1_3;;;;0.0939;0.7931;2.2753;1.8302;3.3517;0.546;3.817;1.5655;56.6522;45.5067;7.7922;0.415;1.214;0.4243;2023-03-30_04_SNAC04450207_src.csv;SNAC04450207;30/03/2023;1.0;1.15;T3_1_3;True;;;;;Noise:27.2481. Treshold: 300. s: [0.013];True;;;;;Noise:27.5796. Treshold: 100. s: [0.0145];False;;too many pics in important section(s) of the signal;;;Noise:0.0098. Treshold: 100. s: 0.2;;;;9.72;5.91;;;;9.72;5.91;;;4.89;9.37;5.94;;;;;4.8;9.72;5.91;;;;;0 days 00:01:19.356204;0.00992;0.0455;;;;;;;;;0 days 00:06:27.449344;0.00135;0.04891;0.00553;;;;;4.04647;yes_run;0.00171;0.00054;0.0008;0.00165;0.008;0.00039;8,00E-05;0.00026;-0.00045;0.00344;0.00171;0.00067;0.00085;0.00165;0.008;0.00039;0.0002;0.00035;-0.00017;0.00344;0.256;0.157;;9.812;;;0.415;1.214;True;0.589;0.307;1.458;0.325;1.17;1.238;1.669;1.286
T3_2_1;;;;0.0701;0.6439;2.038;1.8366;3.0751;0.5972;3.5421;1.1693;45.9938;40.7606;7.9161;;;0.1687;2023-03-31_04_SNAC04450207_src.csv;SNAC04450207;31/03/2023;1.0;1.14;T3_2_1;True;;;;;Noise:22.2803. Treshold: 300. s: [0.0114];True;;;;;Noise:20.0. Treshold: 100. s: [0.0099];True;;;;;Noise:0.0094. Treshold: 100. s: 0.2;;6.16;;9.78;;;;;9.78;6.16;;;;9.79;;6.04;;;;4.8;9.79;6.16;;;;;0 days 00:01:00.570926;0.00184;0.04076;;;;;;;;;0 days 00:06:24.248254;0.00102;0.04016;0.00343;;;;;1.70603;yes_run;0.0011;0.00068;0.00057;0.00126;0.00667;0.00056;0.00025;0.00021;0.00075;0.0031;0.0011;0.00058;0.00057;0.00125;0.00667;0.00056;0.00013;0.00021;0.00073;0.0031;0.15;0.164;;10.25;;;;;True;;;;;;;;
T3_2_2;;;;0.0085;0.6976;1.9146;1.94;3.067;0.6325;3.5603;0.1433;49.8325;38.2932;7.9665;;;0.5119;2023-03-31_06_SNAC04450207_src.csv;SNAC04450207;31/03/2023;1.0;1.14;T3_2_2;True;;;;;Noise:40.4418. Treshold: 300. s: [0.0218];True;;;;;Noise:20.6584. Treshold: 100. s: [0.0101];False;;too many pics in important section(s) of the signal;;;Noise:0.0127. Treshold: 100. s: 0.2;;;;9.76;2.76;;;;9.76;5.89;2.76;;;9.27;6.24;;;;2.56;4.8;9.76;5.89;2.76;;;;0 days 00:01:08.021302;0.00978;0.03829;;;;;;;;;0 days 00:10:07.270040;0.00012;0.04356;0.00452;0.02659;;;;14.01354;yes_run;0.00088;0.00109;0.00109;0.00087;0.00194;6,00E-05;3,00E-05;0.0002;-0.00016;-9,00E-05;0.00088;0.00114;0.00104;0.00087;0.00194;6,00E-05;8,00E-05;0.00025;-0.00011;-9,00E-05;0.15;0.139;;8.687;;;;;True;;;;;;;;
T3_2_3;;;;0.4405;1.1005;1.7624;1.9733;2.9975;0.6583;3.4992;7.3432;78.6106;35.2496;8.0101;0.495;1.42;0.2822;2023-03-31_07_SNAC04450207_src.csv;SNAC04450207;31/03/2023;1.0;1.14;T3_2_3;True;;;;;Noise:45.1003. Treshold: 300. s: [0.025];True;;;;;Noise:20.0. Treshold: 100. s: [0.01];False;;too many pics in important section(s) of the signal;Shift in pH 6.05-6.21. Derivative value 1.09 higher than 0.1;;Noise:0.0078. Treshold: 100. s: 0.2;;;;9.9;6.06;;;;9.9;6.06;;;5.16;9.19;6.07;;;2.57;;4.8;9.9;6.06;;;;;0 days 00:01:24.058756;0.00908;0.03524;;;;;;;;;0 days 00:07:02.149650;0.00643;0.06892;0.01611;;;;;1.14734;yes_run;0.00253;0.00291;0.00347;0.00106;0.00528;0.00103;0.00067;0.00156;-0.00027;0.00225;0.00253;0.00337;0.00349;0.00106;0.00528;0.00102;0.00103;0.00171;-0.00026;0.00225;0.15;0.138;;8.625;;;0.495;1.42;True;0.461;0.308;1.458;0.325;1.004;1.242;1.669;1.286
T3_3_1;;;;0.4504;0.9633;2.2426;1.9147;3.2342;0.592;3.721;7.5082;68.811;44.853;7.8302;0.478;1.397;0.5942;2023-04-05_01_SNAC04450207_src.csv;SNAC04450207;05/04/2023;1.0;1.15;T3_3_1;True;;;;;Noise:17.1721. Treshold: 300. s: [0.0183];True;;;;;Noise:21.6263. Treshold: 100. s: [0.0105];True;;;;;Noise:0.0012. Treshold: 100. s: 0.005;;6.25;;9.99;;;;;9.99;6.25;;;;9.31;;6.28;;7.62;;4.8;9.65;6.25;;;;;0 days 00:01:20.017017;0.00611;0.04485;;;;;;;;;0 days 00:06:39.527937;0.00652;0.0598;0.01698;;;;;1.0;yes_run;0.00719;0.00359;0.00333;0.0078;0.00747;0.00349;0.00135;0.00162;0.00258;0.00394;0.0072;0.00348;0.00333;0.0088;0.00747;0.00348;0.00126;0.00176;0.00429;0.00394;0.181;0.183;;11.437;;;0.478;1.397;True;0.463;0.307;1.458;0.325;1.022;1.244;1.669;1.286
T3_3_2;;;;0.1742;0.7153;2.2805;1.951;3.2408;0.602;3.7368;2.9033;51.0971;45.6119;7.8241;0.488;1.155;0.6043;2023-04-05_02_SNAC04450207_src.csv;SNAC04450207;05/04/2023;1.0;1.14;T3_3_2;True;;;;;Noise:81.6182. Treshold: 300. s: [0.0496];True;;;;;Noise:27.9266. Treshold: 100. s: [0.0173];True;;;;;Noise:0.0016. Treshold: 100. s: 0.005;;6.28;;9.8;;;;;9.8;6.28;;;4.65;9.8;;7.19;;6.8;;4.65;9.8;6.28;;;;;0 days 00:01:28.224517;0.00952;0.04561;;;;;;;;;0 days 00:08:19.429480;0.00252;0.04445;0.00356;;;;;3.96603;yes_run;0.0011;0.00043;0.00042;0.00137;0.00524;0.0003;0.0002;8,00E-05;0.00046;0.00214;0.0011;0.00041;0.00041;0.00136;0.00524;0.0003;5,00E-05;0.0001;0.0006;0.00214;0.217;0.191;;11.937;;;0.488;1.155;True;0.603;0.307;1.458;0.325;1.218;1.239;1.669;1.286
T3_3_3;;;;;;2.176;1.9351;3.2735;0.5911;3.7655;;;43.5202;7.8496;;;0.5695;2023-04-05_03_SNAC04450207_src.csv;SNAC04450207;05/04/2023;1.0;1.14;T3_3_3;True;;;;;Noise:26.9585. Treshold: 300. s: [0.0463];False;;too many pics in important section(s) of the signal;;;Noise:84.4327. Treshold: 100. s: [0.0253];False;;too many pics in important section(s) of the signal;;;Noise:0.0122. Treshold: 100. s: 0.2;;6.3;10.44;9.93;5.12;;;5.12;9.93;6.3;10.2;10.44;;9.58;;10.48;;10.19;;;;;;;;;0 days 00:01:30.616753;0.0094;0.04352;;;;;;;;;;;;;;;;;;no_run;;;;;;;;;;;;;;;;;;;;;;;;;;;;;True;;;;;;;;
T3_3_4;;;;0.1868;0.701;2.2862;1.9611;3.3301;0.5889;3.8287;3.114;50.0785;45.7257;7.9558;0.499;1.145;0.5925;2023-04-05_04_SNAC04450207_src.csv;SNAC04450207;05/04/2023;1.0;1.14;T3_3_4;True;;;;;Noise:54.3059. Treshold: 300. s: [0.0447];True;;;;;Noise:26.7931. Treshold: 100. s: [0.0156];True;;;;;Noise:0.0011. Treshold: 100. s: 0.005;;6.13;;9.84;;;;;9.84;6.13;;;4.46;9.78;6.53;7.05;;;;4.46;9.81;6.33;;;;;0 days 00:01:35.879637;0.00429;0.04572;;;;;;;;;0 days 00:07:22.467240;0.00271;0.04362;0.00327;;;;;4.39352;yes_run;0.00125;0.00103;0.00086;0.00158;0.00561;0.00048;0.00051;0.00035;0.00058;0.00239;0.00125;0.0009;0.00086;0.00158;0.00561;0.00048;0.00034;0.00033;0.00067;0.00239;0.228;0.183;;11.437;;;0.499;1.145;True;0.591;0.307;1.458;0.325;1.226;1.239;1.669;1.286
T3_4_1;;;;0.0582;1.137;;;;;;0.9714;81.2164;;7.7856;;;0.9228;2023-04-06_02_SNAC04450207_src.csv;SNAC04450207;06/04/2023;1.0;1.13;T3_4_1;False;;;;;Noise:418.539. Treshold: 300. s: [0.0016];True;;;;;Noise:23.2181. Treshold: 100. s: [0.0118];False;;too many pics in important section(s) of the signal;;;Noise:0.0017. Treshold: 100. s: 0.005;;6.13;;9.92;2.63;;;;9.92;6.13;2.63;;4.59;9.41;6.34;;;9.59;2.86;4.8;9.92;6.13;2.63;;;;;;;;;;;;;;;0 days 00:10:14.358159;0.00085;0.07169;0.00295;0.02399;;;;1.0;yes_run;0.0016;0.00048;0.00048;0.00149;0.00175;-5,00E-05;0.0001;0.0002;0.00012;-0.00015;0.0016;0.00051;0.00047;0.00187;0.00175;-5,00E-05;0.00012;0.00023;-0.00022;-0.00015;0.152;0.182;;11.375;;;;;True;;;;;;;;
T3_4_2;;;;0.1913;1.2432;2.2278;1.9626;3.1736;0.6183;3.6726;3.1886;88.8033;44.5569;7.8371;0.517;1.593;1.0404;2023-04-06_03_SNAC04450207_src.csv;SNAC04450207;06/04/2023;1.0;1.13;T3_4_2;True;;;;;Noise:28.8651. Treshold: 300. s: [0.0144];True;;;;;Noise:24.1195. Treshold: 100. s: [0.0161];True;;;;;Noise:0.0015. Treshold: 100. s: 0.005;;6.16;;9.88;;;;;9.88;6.16;;;4.73;9.58;;9.78;;9.99;;4.73;9.73;6.16;;;;;0 days 00:01:22.790695;0.00255;0.04455;;;;;;;;;0 days 00:10:33.544219;0.00279;0.07794;0.0023;;;;;5.02263;yes_run;0.00438;0.00058;0.00059;0.00542;0.00551;0.00044;0.00037;0.00016;0.00055;0.00158;0.00438;0.00066;0.00062;0.00531;0.00551;0.00044;0.00043;0.00014;0.00119;0.00158;0.158;0.185;;11.562;;;0.517;1.593;True;0.593;0.307;1.458;0.325;0.864;1.244;1.669;1.286
T3_4_3;;;;0.1278;1.218;2.0848;1.9263;3.2053;0.6009;3.695;2.1301;87.0048;41.6972;7.8527;0.453;1.587;1.0732;2023-04-06_04_SNAC04450207_src.csv;SNAC04450207;06/04/2023;1.0;1.13;T3_4_3;True;;;;;Noise:16.4905. Treshold: 300. s: [0.016];True;;;;;Noise:27.1335. Treshold: 100. s: [0.0179];True;;;;;Noise:0.0015. Treshold: 100. s: 0.005;;;;9.76;5.83;;;;9.76;5.83;;;;9.72;;4.0;;;;4.8;9.74;5.83;;;;;0 days 00:01:25.128848;0.0097;0.04169;;;;;;;;;0 days 00:09:12.307492;0.00187;0.07658;0.00135;;;;;5.0518;yes_run;0.00328;0.00028;0.00037;0.004;0.00455;0.00024;0.00018;4,00E-05;0.00048;0.00128;0.00329;0.00034;0.00034;0.00398;0.00455;0.00024;0.00026;6,00E-05;0.00089;0.00128;0.151;0.172;;10.75;;;0.453;1.587;True;0.617;0.307;1.458;0.325;0.868;1.241;1.669;1.286
T3_5_1;;;;0.0457;0.9095;2.3451;1.5297;3.0407;0.503;3.4296;0.7622;64.9649;46.9029;7.7972;;;0.7093;2023-04-13_01_SNAC04450207_src.csv;SNAC04450207;13/04/2023;1.0;1.13;T3_5_1;True;;;;;Noise:21.1053. Treshold: 300. s: [0.0243];True;;;;;Noise:27.2806. Treshold: 100. s: [0.0182];True;;;;;Noise:0.0019. Treshold: 100. s: 0.005;;6.21;;9.88;;;;;9.88;6.21;;;;9.88;;5.76;;;;4.8;9.88;6.21;;;;;0 days 00:01:07.678058;0.00329;0.0469;;;;;;;;;0 days 00:08:35.612369;0.00067;0.05722;0.00273;;;;;3.55718;yes_run;0.00195;0.00061;0.00057;0.00237;0.00408;0.00043;0.00033;0.00031;0.00067;0.00165;0.00195;0.00065;0.00057;0.00245;0.00408;0.00043;0.00036;0.00035;0.00047;0.00165;0.152;0.186;;11.625;;;;;True;;;;;;;;
T3_5_2;;;;0.2367;1.2684;2.1499;1.9925;3.087;0.6454;3.5936;3.9458;90.6006;42.9997;7.7607;;;1.1237;2023-04-13_02_SNAC04450207_src.csv;SNAC04450207;13/04/2023;1.0;1.13;T3_5_2;True;;;;;Noise:22.3677. Treshold: 300. s: [0.0058];True;;;;;Noise:39.6371. Treshold: 100. s: [0.0557];True;;;;;Noise:0.0016. Treshold: 100. s: 0.005;;;;9.85;5.2;;;5.2;9.85;;;;4.63;9.73;;9.93;;10.04;;4.92;9.79;6.09;;;;;0 days 00:01:15.081402;0.01341;0.04299;;;;;;;;;0 days 00:06:49.724728;0.00346;0.07966;0.0004;;;;;14.3125;yes_run;0.00347;0.00018;0.00027;0.00425;0.00415;-0.00026;0.00014;-8,00E-05;0.00016;0.00068;0.00347;0.00019;0.0003;0.00427;0.00415;-0.00026;0.00014;-0.0001;-0.0;0.00068;0.15;0.188;;11.75;;;;;True;;;;;;;;
T3_5_3;;;;0.2775;1.2533;2.1224;1.9343;3.1211;0.6197;3.6129;4.6255;89.5261;42.4482;7.8021;;;1.1247;2023-04-13_03_SNAC04450207_src.csv;SNAC04450207;13/04/2023;1.0;1.13;T3_5_3;True;;;;;Noise:28.26. Treshold: 300. s: [0.0478];True;;;;;Noise:31.9359. Treshold: 100. s: [0.0104];True;;;;;Noise:0.0013. Treshold: 100. s: 0.005;4.6;;;9.86;5.74;;;4.6;9.86;5.74;;;5.01;9.67;;;;;;4.81;9.77;5.74;;;;;0 days 00:01:32.230949;0.01109;0.04244;;;;;;;;;0 days 00:05:21.885857;0.00407;0.07883;0.00062;;;;;1.85768;yes_run;0.00227;0.00066;0.0006;0.00283;0.00361;0.00015;0.00021;0.00027;0.00036;0.00109;0.00227;0.0007;0.00062;0.00275;0.00361;0.00015;0.00038;0.00025;0.00048;0.00109;0.15;0.191;;11.937;;;;;True;;;;;;;;
T3_6_1;;;;0.7209;1.4377;2.357;4.4401;3.866;1.1485;4.9949;12.0158;102.6957;47.1402;7.6431;1.191;1.676;1.3229;2023-04-14_01_SNAC04450207_src.csv;SNAC04450207;14/04/2023;1.0;1.2;T3_6_1;True;;;;;Noise:102.2213. Treshold: 300. s: [0.0403];True;;;;;Noise:38.7665. Treshold: 100. s: [0.0154];True;;;;;Noise:0.0045. Treshold: 100. s: 0.05;4.58;;;9.98;5.9;;;4.58;9.98;5.9;;;;9.96;;3.8;;;;4.58;9.97;5.9;;;;;0 days 00:01:50.197490;0.03507;0.04714;;;;;;;;;0 days 00:10:47.446809;0.00994;0.08498;0.00637;;;;;5.86881;yes_run;0.00155;0.00123;0.00142;0.00118;0.00777;8,00E-05;0.00017;0.00077;0.0001;0.0029;0.00155;0.0012;0.00134;0.00152;0.00777;8,00E-05;0.00012;0.00064;-0.0003;0.0029;0.595;0.168;;10.5;;;1.191;1.676;True;0.341;0.307;1.458;0.325;0.797;1.247;1.669;1.286
T3_6_2;;;;;;2.2969;3.4446;3.7528;0.9178;4.6285;;;45.9386;7.7281;0.816;1.609;1.1146;2023-04-14_02_SNAC04450207_src.csv;SNAC04450207;14/04/2023;1.0;1.19;T3_6_2;True;;;;;Noise:149.7873. Treshold: 300. s: [0.0535];False;;;;;Noise:152.4325. Treshold: 100. s: [0.0136];True;;;;;Noise:0.0038. Treshold: 100. s: 0.05;;;10.23;9.97;;;;;9.52;5.94;9.97;9.69;;9.94;;3.89;;;;;;;;;;;0 days 00:01:41.383415;0.0231;0.04593;;;;;;;;;;;;;;;;;;no_run;;;;;;;;;;;;;;;;;;;;;;;;;;;0.816;1.609;True;0.428;0.307;1.458;0.325;0.851;1.252;1.669;1.286
T3_6_3;;;;0.4399;1.6144;;;;;;7.3327;115.316;;7.6375;0.83;1.846;1.4208;2023-04-14_03_SNAC04450207_src.csv;SNAC04450207;14/04/2023;1.0;1.19;T3_6_3;False;;;;;Noise:573.3005. Treshold: 300. s: [0.0152];True;;;;;Noise:40.7502. Treshold: 100. s: [0.0181];True;;;;;Noise:0.0045. Treshold: 100. s: 0.05;4.51;;;9.98;5.8;;;4.51;9.98;5.8;;;;9.98;5.61;3.94;6.89;;;4.51;9.98;5.71;;;;;;;;;;;;;;;;0 days 00:12:36.866312;0.00612;0.09636;0.00497;;;;;9.91856;yes_run;0.00261;0.00094;0.00113;0.00269;0.00755;5,00E-05;-0.0;0.00049;2,00E-05;0.00245;0.00261;0.00113;0.00112;0.003;0.00755;5,00E-05;0.00016;0.0005;-0.00055;0.00245;0.518;0.169;;10.562;;;0.83;1.846;True;0.453;0.307;1.458;0.325;0.659;1.249;1.669;1.286
T3_7_1;;;;0.2018;0.9406;2.2222;2.2527;3.4372;0.6553;4.0099;3.3635;67.187;44.4457;7.7101;0.536;1.35;0.8092;2023-04-19_01_SNAC04450207_src.csv;SNAC04450207;18/04/2023;1.0;1.16;T7_1_1;True;;;;;Noise:52.9746. Treshold: 300. s: [0.0459];True;;;;;Noise:29.4174. Treshold: 100. s: [0.0225];True;;;;;Noise:0.0016. Treshold: 100. s: 0.005;;;;9.89;5.88;;;;9.89;5.88;;;;9.88;5.76;4.28;6.35;;;4.8;9.89;5.82;;;;;0 days 00:01:23.346842;0.01506;0.04444;;;;;;;;;0 days 00:10:27.537135;0.00288;0.05763;0.00481;;;;;6.98372;yes_run;0.00125;0.00083;0.00103;0.00131;0.00718;0.00095;0.00015;0.00046;0.00105;0.00334;0.00125;0.001;0.00103;0.0013;0.00718;0.00095;0.00027;0.00054;0.001;0.00334;0.396;0.168;;10.5;;;0.536;1.35;True;0.547;0.307;1.458;0.325;1.06;1.241;1.669;1.286
T3_7_2;;;;1.2804;3.8766;1.6231;5.1691;3.5947;1.4379;4.9089;21.3415;276.9047;32.4637;7.3526;1.731;3.376;3.5976;2023-04-19_02_SNAC04450207_src.csv;SNAC04450207;18/04/2023;1.0;1.18;T7_1_2;True;;;;;Noise:30.0. Treshold: 300. s: [0.0099];True;;;;;Noise:25.0984. Treshold: 100. s: [0.0152];True;;;;;Noise:0.0034. Treshold: 100. s: 0.05;;;;9.91;2.64;;;;9.91;;2.64;4.36;;9.75;5.96;6.86;4.15;;;4.8;9.83;5.96;;4.25;;;0 days 00:01:23.237267;0.03816;0.03246;;;;;;;;;0 days 00:17:13.698618;0.01795;0.23302;0.00219;;;;;15.0;yes_run;0.00636;0.00254;0.0024;0.00735;0.00708;-0.00127;-0.00249;-0.00064;-0.00071;0.00019;0.00636;0.00253;0.00205;0.00704;0.00708;-0.00126;-0.00245;-0.00112;-0.00046;0.00019;0.15;0.143;;8.937;;;1.731;3.376;True;0.341;0.309;1.458;0.325;0.578;1.268;1.669;1.286
T3_7_3;;;;0.0;4.1311;1.6463;5.3646;3.6;1.4901;4.9639;0.0;295.085;32.9272;7.3427;1.831;3.549;3.8916;2023-04-19_04_SNAC04450207_src.csv;SNAC04450207;18/04/2023;1.0;1.19;T7_1_3;True;;;;;Noise:30.0. Treshold: 300. s: [0.0099];True;;;;;Noise:32.7582. Treshold: 100. s: [0.0463];False;;too many pics in important section(s) of the signal;;;Noise:0.0032. Treshold: 100. s: 0.05;;;;9.86;4.39;;;;9.86;;4.39;;5.19;9.43;5.89;;;9.94;9.5;4.8;9.86;6.03;4.39;;;;0 days 00:01:15.653041;0.04422;0.03292;;;;;;;;;0 days 00:30:48.565138;0.0;0.24734;0.00071;0.02515;;;;15.0;yes_run;0.00406;0.00062;0.00059;0.00366;0.00512;-0.00072;-1,00E-05;-0.00018;-0.00029;0.00022;0.00406;0.00063;0.00055;0.00399;0.00512;-0.00072;-0.00015;-0.00011;-0.00054;0.00022;0.486;0.118;;7.375;;;1.831;3.549;True;0.329;0.309;1.458;0.325;0.718;1.258;1.669;1.286
T3_8_1;;;;0.6228;1.6643;1.9252;2.4437;3.3812;0.7227;4.0025;10.3812;118.8813;38.504;7.6691;;;1.3293;2023-04-20_02_SNAC04450207_src.csv;SNAC04450207;20/04/2023;1.0;1.15;T3_8_1;True;;;;;Noise:43.4695. Treshold: 300. s: [0.0535];True;;;;;Noise:40.2227. Treshold: 100. s: [0.0177];False;;too many pics in important section(s) of the signal;;;Noise:0.0105. Treshold: 100. s: 0.2;;;;9.81;7.67;;;;9.81;5.94;7.67;;4.9;9.43;6.19;;;;3.34;4.8;9.81;5.94;7.67;;;;0 days 00:01:11.860152;0.01269;0.0385;;;;;;;;;0 days 00:11:12.775279;0.00895;0.10251;0.00454;0.0042;;;;1.0;yes_run;0.00195;0.00103;0.00131;0.00185;0.00532;-8,00E-05;0.00019;0.00055;3,00E-05;0.00161;0.00195;0.00133;0.00135;0.00192;0.00532;-8,00E-05;0.00045;0.00061;-4,00E-05;0.00161;0.163;0.149;;9.312;;;;;True;;;;;;;;
T3_8_2;;;;0.0;4.7749;1.6096;5.9067;3.8003;1.5542;5.302;0.0;341.0668;32.1934;7.3436;2.291;3.913;4.3189;2023-04-20_03_SNAC04450207_src.csv;SNAC04450207;20/04/2023;1.0;1.19;T8_3_2;True;;;;;Noise:30.0. Treshold: 300. s: [0.0099];True;;;;;Noise:23.3632. Treshold: 100. s: [0.0127];False;;too many pics in important section(s) of the signal;;;Noise:0.003. Treshold: 100. s: 0.05;;;;9.82;4.34;;;;9.82;;4.34;;;9.36;5.71;;;9.57;9.94;4.8;9.82;6.02;4.34;;;;0 days 00:01:28.093785;0.04929;0.03219;;;;;;;;;0 days 00:36:13.608476;0.0;0.28434;0.00111;0.03366;;;;15.0;yes_run;0.00507;0.00069;0.00071;0.00411;0.00535;-0.00121;1,00E-05;-0.00027;-0.00015;-0.00044;0.00507;0.00072;0.00078;0.00478;0.00535;-0.00121;-0.00011;-0.00036;-0.00051;-0.00044;0.452;0.105;;6.562;;;2.291;3.913;True;0.371;0.31;1.458;0.325;1.013;1.251;1.669;1.286
T3_8_3;;;;0.7077;2.14;1.8786;2.8309;3.1896;0.8875;3.9093;11.7964;152.8598;37.5721;7.7451;0.977;2.277;1.9866;2023-04-25_01_SNAC04450207_src.csv;SNAC04450207;25/04/2023;1.0;1.14;T3_8_3;True;;;;;Noise:17.7091. Treshold: 300. s: [0.0174];True;;;;;Noise:27.7135. Treshold: 100. s: [0.0199];False;;too many pics in important section(s) of the signal;;;Noise:0.0014. Treshold: 100. s: 0.005;;;;9.81;4.45;;;4.45;9.81;;;;4.73;9.39;6.24;9.8;;9.86;;4.45;9.81;6.08;;;;;0 days 00:00:48.107455;0.02145;0.03757;;;;;;;;;0 days 00:11:41.777543;0.01031;0.13361;0.00044;;;;;7.69501;yes_run;0.00339;0.00035;0.00037;0.00369;0.00406;-0.00054;0.00018;-3,00E-05;0.00023;0.00027;0.00339;0.00033;0.00042;0.00366;0.00406;-0.00054;0.0001;-7,00E-05;0.00022;0.00027;0.15;0.173;;10.812;;;0.977;2.277;True;0.472;0.307;1.458;0.325;0.309;1.248;1.669;1.286
T3_8_4;;;;2.359;5.9814;1.4207;5.6016;3.6345;1.5412;5.0587;39.3177;427.2468;28.4147;7.3823;2.695;4.551;5.3091;2023-04-25_02_SNAC04450207_src.csv;SNAC04450207;25/04/2023;1.0;1.18;T3_8_4;True;;;;;Noise:50.6269. Treshold: 300. s: [0.0103];True;;;;;Noise:24.3056. Treshold: 100. s: [0.016];True;;;;;Noise:0.0057. Treshold: 100. s: 0.2;;;;9.83;4.37;;;;9.83;;4.37;;;9.71;;6.46;;5.3;;4.8;9.77;6.06;;;;;0 days 00:00:56.709764;0.0476;0.02841;;;;;;;;;0 days 00:18:15.995565;0.0332;0.36085;0.00066;;;;;14.94579;yes_run;0.00998;0.00437;0.00365;0.01071;0.00977;-0.00017;-0.00421;-0.00133;0.00202;0.00076;0.00998;0.00402;0.00328;0.01013;0.00977;-0.00016;-0.00379;-0.00214;0.00248;0.00076;0.15;0.149;;9.312;;;2.695;4.551;True;0.475;0.311;1.458;0.325;1.529;1.26;1.669;1.286
T3_8_6;;;;;;1.0002;7.1269;3.7422;1.9044;5.5541;;;20.0041;7.4141;27.902;13.43;7.5238;2023-04-26_02_SNAC04450207_src.csv;SNAC04450207;25/04/2023;1.0;1.19;T3_8_6;True;;;;;Noise:24.3285. Treshold: 300. s: [0.0136];False;;too many pics in important section(s) of the signal;;;Noise:178.7226. Treshold: 100. s: [0.0136];False;;too many pics in important section(s) of the signal;;;Noise:0.0056. Treshold: 100. s: 0.2;;;10.37;9.71;9.53;;;;9.49;;;10.37;;9.43;;;;9.53;;;;;;;;;0 days 00:01:32.273506;0.06379;0.02;;;;;;;;;;;;;;;;;;no_run;;;;;;;;;;;;;;;;;;;;;;;;;;;27.902;13.43;True;11.765;0.751;1.458;0.325;8.714;2.704;1.669;1.286
T3_8_7;;;;2.2172;6.7112;0.9243;7.2146;3.6244;1.9905;5.4586;36.9533;479.3761;18.4869;7.3351;3.721;5.565;4.086;2023-04-26_03_SNAC04450207_src.csv;SNAC04450207;25/04/2023;1.0;1.19;T3_8_7;True;;;;;Noise:25.0. Treshold: 300. s: [0.0099];True;;;;;Noise:26.7626. Treshold: 100. s: [0.0203];True;;;;;Noise:0.0052. Treshold: 100. s: 0.2;;;;9.74;4.39;;;;9.74;;4.39;;;9.47;;;;10.07;;4.8;9.61;5.99;;;;;0 days 00:01:23.510718;0.06653;0.01848;;;;;;;;;0 days 00:13:03.959619;0.03083;0.4;0.0;;;;;6.40347;yes_run;0.02452;0.00151;0.00786;0.02843;0.02343;0.01584;-0.00135;0.00412;0.02127;0.01546;0.02452;0.00159;0.00636;0.02835;0.02343;0.01584;-0.00152;0.00296;0.02193;0.01546;1.145;0.071;;4.437;;;3.721;5.565;True;0.783;0.317;1.458;0.325;2.349;1.265;1.669;1.286
T3_9_1;;;;7.1891;5.3028;1.0988;10.8169;4.373;2.4735;7.1231;119.8194;378.7722;21.976;7.3797;5.752;3.879;5.0797;2023-04-27_01_SNAC04450207_src.csv;SNAC04450207;27/04/2023;1.0;1.25;T3_9_1;True;;;;;Noise:24.2263. Treshold: 300. s: [0.0121];True;;;;;Noise:28.0583. Treshold: 100. s: [0.0266];False;;too many pics in important section(s) of the signal;;;Noise:0.0061. Treshold: 100. s: 0.2;;;;9.81;4.5;;;4.5;9.81;;;;4.77;9.38;5.95;;;9.7;;4.5;9.81;5.99;;;;;0 days 00:03:14.035365;0.11228;0.02197;;;;;;;;;0 days 00:22:29.285502;0.09512;0.30069;0.0;;;;;7.1808;yes_run;0.00313;0.00349;0.00359;0.00267;0.0044;-0.00035;-0.00243;-0.00239;0.00021;0.00051;0.00313;0.00286;0.00372;0.0028;0.0044;-0.00035;-0.00184;-0.00266;0.00012;0.00051;1.059;0.077;;4.812;;;5.752;3.879;True;1.511;0.327;1.458;0.325;0.986;1.254;1.669;1.286
T3_9_2;;;;0.0;5.2435;0.6958;11.7562;4.4639;2.6336;7.4528;0.0;374.5367;13.9167;7.4275;5.92;3.89;5.3535;2023-04-27_03_SNAC04450207_src.csv;SNAC04450207;27/04/2023;1.0;1.27;T3_9_2;True;;;;;Noise:18.2032. Treshold: 300. s: [0.0173];True;;;;;Noise:22.954. Treshold: 100. s: [0.0122];False;;too many pics in important section(s) of the signal;;;Noise:0.003. Treshold: 100. s: 0.05;;;;9.75;4.38;;;;9.75;;4.38;;4.78;9.24;;;9.71;;9.62;4.8;9.75;5.93;4.38;;;;0 days 00:02:58.770895;0.11886;0.01391;;;;;;;;;0 days 00:27:33.106511;0.0;0.2934;0.0;0.09836;;;;9.84373;yes_run;0.00278;0.0012;0.00101;0.00253;0.0031;-0.00012;-0.00097;-0.00045;-0.00014;0.00024;0.00278;0.00114;0.00103;0.00257;0.0031;-0.00012;-0.00092;-0.00046;-0.00018;0.00024;0.995;0.024;;1.5;;;5.92;3.89;True;1.572;0.325;1.458;0.325;0.994;1.249;1.669;1.286
T3_9_3;;;;0.1692;5.6354;;;;;;2.8201;402.5326;;7.4757;5.971;4.036;5.3877;2023-04-28_01_SNAC04450207_src.csv;SNAC04450207;27/04/2023;1.0;1.27;T3_9_3;False;;;;;Noise:389.3126. Treshold: 300. s: [0.001];True;;;;;Noise:20.0. Treshold: 100. s: [0.01];False;;;Shift in pH 3.1-3.3. Derivative value 0.102 higher than 0.05;;Too many outliers;;;;9.83;4.35;;;;9.83;;4.35;;;9.72;;;;3.42;;4.8;9.83;6.03;4.35;;;;;;;;;;;;;;;0 days 00:28:34.344396;0.00221;0.31659;0.0;0.09663;;;;2.53799;yes_run;0.00523;0.00184;0.00126;0.00521;0.00486;-0.00066;-0.00169;-0.00068;0.00046;-0.00013;0.00523;0.00191;0.00134;0.00518;0.00486;-0.00066;-0.00176;-0.0007;0.00046;-0.00013;1.099;0.135;;8.437;;;5.971;4.036;True;1.581;0.334;1.458;0.325;1.112;1.262;1.669;1.286
