Project;Date Prelev.;SNAC n°;client;Nom;VFA_geq;TAN_geq;TAC_geq;FOS;VFA_confidency;TAN_confidency;TAC_confidency;VFA_indip;TAN_indip;TAC_indip;commentaire;Contexte;Labo;Method_VFA;Method_TAN;tank;fichier_SNAC;outlier_VFA;outlier_TAN;outlier_reason;outlier_comment;Serie;;analyse_VFA_outlier;;
Benchmark officiel CCR;01/08/2019;061901;gaillon_raw;INRA_V1A_20191120_5;1,74;2,98;15,71;NaN;1;1;1;1;1;1;0;Analyse faites chez Innolab dans le cadre du projet Mapped;Innolab;GC-FID;TAN_INN;30/12/1899;2019-11-20_05_SNAC061901_src.csv;0;0;0;0;Nan;;;;
Benchmark officiel CCR;01/08/2019;061901;test_1;INRA_V1A_20191121_1;2,61;3,93;19,31;NaN;1;1;1;1;1;1;0;Analyses faites à l’INRA par Morand;INRA;GC;Buchi;30/12/1899;2019-11-21_01_SNAC061901_src.csv;0;0;0;0;Nan;;;;
Benchmark officiel CCR;01/08/2019;061901;test_2;INRA_V1A_20191121_2;4,15;5,48;24,5;NaN;1;1;1;1;1;1;0;Analyses faites à l’INRA par Morand;INRA;GC;Buchi;30/12/1899;2019-11-21_02_SNAC061901_src.csv;0;0;0;0;Nan;;;;
Benchmark officiel CCR;01/08/2019;061901;test_3;INRA_V1A_20191122_2;8,26;4,35;12,97;NaN;1;1;1;1;1;1;0;Analyses faites à l’INRA par Morand;INRA;GC;Buchi;30/12/1899;2019-11-22_02_SNAC061901_src.csv;0;0;0;0;Nan;;;;
Benchmark officiel CCR;01/08/2019;061901;test_4;INRA_V1A_20191122_5;0,22;7,45;16,25;NaN;1;1;1;1;1;1;0;Analyses faites à l’INRA par Morand;INRA;GC;Buchi;30/12/1899;2019-11-22_15_SNAC061901_src.csv;0;0;0;0;Nan;;;;
Benchmark officiel CCR;01/08/2019;061901;test_5;INRA_V1A_20191125_5;0,98;3,96;22,64;NaN;1;1;1;1;1;1;0;Analyses faites à l’INRA par Morand;INRA;GC;Buchi;30/12/1899;2019-11-25_05_SNAC061901_src.csv;0;0;0;0;Nan;;;;
Benchmark officiel CCR;01/08/2019;061901;test_6bis;INRA_V1A_20191125_7;4,1;10,16;27,42;NaN;1;1;1;1;1;1;0;Analyses faites à l’INRA par Morand;INRA;GC;Buchi;30/12/1899;2019-11-25_07_SNAC061901_src.csv;0;0;0;0;Nan;;;;
Benchmark officiel CCR;01/08/2019;061901;test_11;INRA_V1A_20191204_7;3,18;3,59;13,99;NaN;1;1;1;1;1;1;0;Analyses faites à l’INRA par Morand;INRA;GC;Buchi;30/12/1899;2019-12-04_07_SNAC061901_src.csv;0;0;0;0;Nan;;;;
Benchmark officiel CCR;01/08/2019;061901;test_12;INRA_V1A_20191205_3;7,08;6,29;17,23;NaN;1;1;1;1;1;1;0;Analyses faites à l’INRA par Morand;INRA;GC;Buchi;30/12/1899;2019-12-05_03_SNAC061901_src.csv;0;0;0;0;Nan;;;;
Benchmark officiel CCR;01/08/2019;061901;test_13;INRA_V1A_20191205_4;2,76;8,28;23,82;NaN;1;1;1;1;1;1;0;Analyses faites à l’INRA par Morand;INRA;GC;Buchi;30/12/1899;2019-12-05_04_SNAC061901_src.csv;0;0;0;0;Nan;;;;
Benchmark officiel CCR;01/08/2019;061901;test_14;INRA_V1A_20191210_2;0,2;4,16;27,56;NaN;1;1;1;1;1;1;0;Analyses faites à l’INRA par Morand;INRA;GC;Buchi;30/12/1899;2019-12-10_02_SNAC061901_src.csv;0;0;0;0;Nan;;;;
Benchmark officiel CCR;01/08/2019;061901;test_15;INRA_V1A_20191210_4;4,24;5,73;27,56;NaN;1;1;1;1;1;1;0;Analyses faites à l’INRA par Morand;INRA;GC;Buchi;30/12/1899;2019-12-10_04_SNAC061901_src.csv;0;0;0;0;Nan;;;;
Benchmark officiel CCR;01/08/2019;061901;test_18;INRA_V1A_20191223_1;1,65;2,5;11,68;NaN;1;1;1;1;1;1;0;Analyses faites à l’INRA par Morand;INRA;GC;Buchi;30/12/1899;2019-12-23_01_SNAC061901_src.csv;0;0;0;pka AGV décalé . Partie des AGV sont calculé sur un fb;Nan;;;;
Benchmark officiel CCR;01/08/2019;061901;test_19;INRA_V1A_20191223_2;3,69;4,01;16,63;NaN;1;1;1;1;1;1;0;Analyses faites à l’INRA par Morand;INRA;GC;Buchi;30/12/1899;2019-12-23_02_SNAC061901_src.csv;0;0;0;0;Nan;;;;
Benchmark officiel CCR;01/08/2019;061901;eau;INRA_V1A_20191128_3;0;0;0;NaN;1;1;1;1;1;1;0;Analyses faites à l’INRA par Morand;INRA;GC;Buchi;30/12/1899;2019-11-28_03_SNAC061901_src.csv;0;0;0;0;Nan;;;;
Benchmark officiel SRO;24/03/2020;121907;Limovents;Limovents_20200324_1;0,08;2,6;15,488;NaN;1;1;1;1;1;1;0;Analyse faites chez Innolab dans le cadre du projet Mapped;Innolab;GC-FID;TAN_INN;0;2020-03-24_01_SNAC121907_src.csv;0;0;0;0;Nan;;x;>0,25;ca fit pas bien
Benchmark officiel SRO;30/03/2020;111912;Methavert;Methavert_20200330_1;0,53;2,26;14,48;NaN;1;1;1;1;1;1;0;Analyse faites chez Innolab dans le cadre du projet Mapped;Innolab;GC-FID;TAN_INN;0;2020-03-30_01_SNAC111912_src.csv;0;0;0;0;Nan;;;;
Benchmark officiel SRO;30/03/2020;121906;Methalys;Equimeth_20200330_3;0,23;2,1;17,683;NaN;1;1;1;1;1;1;0;Analyse faites chez Innolab dans le cadre du projet Mapped;Innolab;GC-FID;TAN_INN;0;2020-03-30_03_SNAC121906_src.csv;0;0;0;0;Nan;;;;
Benchmark officiel SRO;11/05/2020;111912;Methavert;Methavert_20200511_1;0;2,65;15,027;NaN;1;1;1;1;1;1;0;Analyse faites chez Innolab dans le cadre du projet Mapped;Innolab;GC-FID;TAN_INN;0;2020-05-11_01_SNAC111912_src.csv;0;0;0;0;Nan;;x;acceptable;ca fit pas bien
Benchmark officiel SRO;12/05/2020;121901;Gatinais;Gatinais_20200512_1;0,59;3,97;28,222;NaN;1;1;1;1;1;1;0;Analyse faites chez Innolab dans le cadre du projet Mapped;Innolab;GC-FID;TAN_INN;0;2020-05-12_01_SNAC121901_src.csv;0;0;0;0;Nan;;y;high;ca fit mal
Benchmark officiel SRO;19/05/2020;121907;Limovents;Limovents_20200519_1;0,06;4,25;18,574;NaN;1;1;1;1;1;1;0;Analyse faites chez Innolab dans le cadre du projet Mapped;Innolab;GC-FID;TAN_INN;0;2020-05-19_01_SNAC121907_src.csv;0;1;4;modelisation parfaite. Du coup pas di’dée d’où viendrait cet ecart de presque x2;Nan;;x;>0,25;ca fit pas bien
Benchmark officiel SRO;16/06/2020;121901;Gatinais;Gatinais_20200616_1;0,2;3,55;28,051;NaN;1;1;1;1;1;1;0;Analyse faites chez Innolab dans le cadre du projet Mapped;Innolab;GC-FID;TAN_INN;0;2020-06-16_01_SNAC121901_src.csv;0;0;0;0;Nan;;y;<0.25;ca fit mal
Benchmark officiel SRO;16/06/2020;121904;Medoc Biogaz;Medoc_20200616_5;0;1,86;8,296;NaN;1;1;1;1;1;1;0;Analyse faites chez Innolab dans le cadre du projet Mapped;Innolab;GC-FID;TAN_INN;0;2020-06-16_05_SNAC121904_src.csv;0;0;0;0;Nan;;;;
Benchmark officiel SRO;23/06/2020;111912;Methavert;Methavert_20200623_1;0;2,48;15,596;NaN;1;1;1;1;1;1;0;Analyse faites chez Innolab dans le cadre du projet Mapped;Innolab;GC-FID;TAN_INN;0;2020-06-23_01_SNAC111912_src.csv;0;0;0;0;Nan;;x;acceptable;ca fit pas bien
Benchmark officiel SRO;30/06/2020;121901;Gatinais;Gatinais_20200630_1;0,45;3,72;26,68;NaN;1;1;1;1;1;1;0;Analyse faites chez Innolab dans le cadre du projet Mapped;Innolab;GC-FID;TAN_INN;0;2020-06-30_01_SNAC121901_src.csv;0;0;0;0;Nan;;y;high;ca fit mal
Benchmark officiel SRO;30/06/2020;111910;Cler Verts;ClerVerts_20200630_1;0,42;3,53;15,766;NaN;1;1;1;1;1;1;0;Analyse faites chez Innolab dans le cadre du projet Mapped;Innolab;GC-FID;TAN_INN;0;2020-06-30_01_SNAC111910_src.csv;0;0;0;0;Nan;;;;
Benchmark officiel SRO;30/06/2020;121904;Medoc Biogaz;Medoc_20200630_1;0;1,87;8,275;NaN;1;1;1;1;1;1;0;Analyse faites chez Innolab dans le cadre du projet Mapped;Innolab;GC-FID;TAN_INN;0;2020-06-30_11_SNAC121904_src.csv;0;0;0;0;Nan;;;;
Benchmark officiel SRO;30/06/2020;111902;Step de Nantes;StepNantes_20200630_1;0;1,7;8,717;NaN;1;1;1;1;1;1;0;Analyse faites chez Innolab dans le cadre du projet Mapped;Innolab;GC-FID;TAN_INN;0;2020-06-30_01_SNAC111902_src.csv;0;0;0;0;Nan;;;;
Benchmark officiel SRO;28/07/2020;111910;Cler Verts;ClerVerts_20200728_2;0,34;3,49;14,465;NaN;1;1;1;1;1;1;0;Analyse faites chez Innolab dans le cadre du projet Mapped;Innolab;GC-FID;TAN_INN;0;2020-07-28_02_SNAC111910_src.csv;0;0;0;0;Nan;;y;high;ca fit bien, difficile fair emieux
Benchmark officiel SRO;28/07/2020;121904;Medoc Biogaz;Medoc_20200728_2;0;2,6;9,41;NaN;1;1;1;1;1;1;0;Analyse faites chez Innolab dans le cadre du projet Mapped;Innolab;GC-FID;TAN_INN;0;2020-07-28_02_SNAC121904_src.csv;0;0;0;0;Nan;;x;>0,25;it should be rejected becaus bad pH basic signal
Benchmark officiel SRO;28/07/2020;111912;Methavert;Methavert_20200728_1;0;2,6;15,372;NaN;1;1;1;1;1;1;0;Analyse faites chez Innolab dans le cadre du projet Mapped;Innolab;GC-FID;TAN_INN;0;2020-07-28_01_SNAC111912_src.csv;0;0;0;0;Nan;;;;
Benchmark officiel SRO;28/07/2020;111901;Ensaia;Ensaia_20200728_1;0;1,99;15,96;NaN;1;1;1;1;1;1;0;Analyse faites chez Innolab dans le cadre du projet Mapped;Innolab;GC-FID;TAN_INN;0;2020-07-28_01_SNAC111901_src.csv;1;1;3;0;Nan;;;;
Benchmark officiel SRO;11/08/2020;111902;Step de Nantes;StepNantes_20200811_1;0,04;1,6;6,129;NaN;1;1;1;1;1;1;0;Analyse faites chez Innolab dans le cadre du projet Mapped;Innolab;GC-FID;TAN_INN;0;2020-08-11_01_SNAC111902_src.csv;0;0;0;0;Nan;;;;
Benchmark officiel SRO;11/08/2020;121903;MethaBelAir;Methabelair_20200811_1;1,98;2,22;14,105;NaN;1;1;1;1;1;1;0;Analyse faites chez Innolab dans le cadre du projet Mapped;Innolab;GC-FID;TAN_INN;0;2020-08-11_01_SNAC121903_src.csv;0;0;0;0;Nan;;;;
Benchmark officiel SRO;18/08/2020;121907;Limovents;Limovents_20200818_2;0,18;3,71;19,874;NaN;1;1;1;1;1;1;0;Analyse faites chez Innolab dans le cadre du projet Mapped;Innolab;GC-FID;TAN_INN;0;2020-08-18_02_SNAC121907_src.csv;0;0;0;0;Nan;;;;
Benchmark officiel SRO;02/09/2020;111902;Step de Nantes;StepNantes_20200902_1;0,98;1,61;8,695;NaN;1;1;1;1;1;1;0;Analyse faites chez Innolab dans le cadre du projet Mapped;Innolab;GC-FID;TAN_INN;0;2020-09-02_01_SNAC111902_src.csv;0;0;0;0;Nan;;;;
Benchmark officiel SRO;08/09/2020;111902;Step de Nantes;StepNantes_20200908_1;2,76;1,64;8,89;NaN;1;1;1;1;1;1;0;Analyse faites chez Innolab dans le cadre du projet Mapped;Innolab;GC-FID;TAN_INN;0;2020-09-08_01_SNAC111902_src.csv;0;0;0;0;Nan;;;;
Benchmark officiel SRO;08/09/2020;121903;MethaBelAir;Methabelair_20200907_1;4,04;2,22;13,908;NaN;1;1;1;1;1;1;0;Analyse faites chez Innolab dans le cadre du projet Mapped;Innolab;GC-FID;TAN_INN;0;2020-09-07_01_SNAC121903_src.csv;0;0;0;0;Nan;;;;
Benchmark officiel SRO;09/09/2020;111901;Ensaia;Ensaia_20200909_2;3,42;1,64;13,458;NaN;1;1;1;1;1;1;0;Analyse faites chez Innolab dans le cadre du projet Mapped;Innolab;GC-FID;TAN_INN;0;2020-09-09_02_SNAC111901_src.csv;1;1;3;0;Nan;;;;
Benchmark officiel SRO;09/09/2020;121904;Medoc Biogaz;Medoc_20200909_6;1,23;2,37;10,404;NaN;1;1;1;1;1;1;0;Analyse faites chez Innolab dans le cadre du projet Mapped;Innolab;GC-FID;TAN_INN;0;2020-09-09_06_SNAC121904_src.csv;0;0;0;0;Nan;;;;
Benchmark officiel SRO;15/09/2020;121905;Menez Avel;Menez_Avel_20200915_1;1,42;2,48;13,853;NaN;1;1;1;1;1;1;0;Analyse faites chez Innolab dans le cadre du projet Mapped;Innolab;GC-FID;TAN_INN;0;2020-09-15_01_SNAC121905_src.csv;0;0;0;0;Nan;;;;
Benchmark officiel SRO;15/09/2020;121907;Limovents;Limovents_20200915_1;0,07;3,53;18,48;NaN;1;1;1;1;1;1;0;Analyse faites chez Innolab dans le cadre du projet Mapped;Innolab;GC-FID;TAN_INN;0;2020-09-15_01_SNAC121907_src.csv;0;0;0;0;Nan;;;;
Benchmark officiel SRO;22/09/2020;121903;MethaBelAir;Methabelair_20200922_1;10,36;2,3;12,236;NaN;1;1;1;1;1;1;0;Analyse faites chez Innolab dans le cadre du projet Mapped;Innolab;GC-FID;TAN_INN;0;2020-09-22_01_SNAC121903_src.csv;1;0;4;trop loin dans la gamme. Cela impacte trop nos resultats dans la gamme d etude;Nan;;;;
Benchmark officiel SRO;22/09/2020;121904;Medoc Biogaz;Medoc_20200921_3;1,96;2,31;11,042;NaN;1;1;1;1;1;1;0;Analyse faites chez Innolab dans le cadre du projet Mapped;Innolab;GC-FID;TAN_INN;0;2020-09-21_03_SNAC121904_src.csv;0;0;0;0;Nan;;;;
Benchmark officiel SRO;22/09/2020;111901;Ensaia;Ensaia_20200922_1;4,47;1,72;14,273;NaN;1;1;1;1;1;1;0;Analyse faites chez Innolab dans le cadre du projet Mapped;Innolab;GC-FID;TAN_INN;0;2020-09-22_01_SNAC111901_src.csv;1;1;3;0;Nan;;;;
Benchmark officiel SRO;27/10/2020;111904;Biowatt;Biowatt_20201027_1;2,25;5,12;24,069;NaN;1;1;1;1;1;1;0;Analyse faites chez Innolab dans le cadre du projet Mapped;Innolab;GC-FID;TAN_INN;0;2020-10-27_01_SNAC111904_src.csv;0;0;0;0;Nan;;;;
Benchmark officiel SRO;03/11/2020;111904;Biowatt;Biowatt_20201103_1;1,31;2,54;10,908;NaN;1;1;1;1;1;1;Surement un problème de dilution lors de l’analyse SNAC.dil 0.99 au lieu de  2. je divise les analyse labo par 2;Analyse faites chez Innolab dans le cadre du projet Mapped;Innolab;GC-FID;TAN_INN;0;2020-11-03_01_SNAC111904_src.csv;0;0;0;0;Nan;;;;
Benchmark officiel SRO;02/12/2020;111904;Biowatt;Biowatt_20201201_1;2,67;4,45;22,138;NaN;1;1;1;1;1;1;0;Analyse faites chez Innolab dans le cadre du projet Mapped;Innolab;GC-FID;TAN_INN;0;2020-12-01_01_SNAC111904_src.csv;0;0;0;pka AGV décalé . Partie des AGV sont calculé sur un fb;Nan;;;;
Benchmark officieux SRO;2020/01/30;111903;Suez-MBE;Suez_MBE_20200130_1;5,40887355698253;5,13;17,823;7,723;3;2;3;1;1;1;Analyse de 2 jours avant le SNAC;Innolab;Innolab;GC-FID;TAN_INN;0;2020-01-30_01_SNAC111903_src.csv;1;1;0;fit SNAC très bon. Problème aussi sur l’azote;Nan;;;;
Benchmark officieux SRO;2020/02/12;111903;Suez-MBE;Suez_MBE_20200212_4;4,66522917884609;5,32;18,161;6,96;1;1;1;1;1;1;0;Innolab;Innolab;GC-FID;TAN_INN;Dig 2;2020-02-12_04_SNAC111903_src.csv;0;0;0;0;Nan;;;;
Benchmark officieux SRO;2020/02/19;111903;Suez-MBE;Suez_MBE_20200219_2;2,94540602166027;5,31;17,771;5,872;1;1;1;1;1;1;0;Innolab;Innolab;GC-FID;TAN_INN;0;2020-02-19_02_SNAC111903_src.csv;1;0;3;Mauvaise calib .pka AGV trouvé à 4.38 et pas detecté. Ca serait 1,6 g Ac/L sinon;Nan;;;;
Benchmark officieux SRO;2021/06/02;111903;Suez-MBE;Suez_MBE_20210602_1;3,81;5,633;17;3,35;1;1;1;1;1;1;Check computaiton of AGV tot. Unit mg CaCO3/L and FOS mg ac/L ;0;Innolab;GC-FID;TAN_INN;0;2021-06-02_01_SNAC111903_src.csv;0;0;0;0;Nan;;;;
Benchmark officieux SRO;2021/06/22;111903;Suez-MBE;Suez_MBE_20210622_1;4,57;5,538;17,6;4,51;1;2;1;1;1;1;Check computaiton of AGV tot. Unit mg CaCO3/L and FOS mg ac/L ;0;Innolab;GC-FID;TAN_INN;0;2021-06-22_01_SNAC111903_src.csv;0;0;0;0;Nan;;;;
Benchmark officieux SRO;2021/07/27;111903;Suez-MBE;Suez_MBE_20210727_3;7,23;5,443;20;8,83;1;1;1;1;1;1;Check computaiton of AGV tot. Unit mg CaCO3/L and FOS mg ac/L ;0;Innolab;GC-FID;TAN_INN;0;2021-07-27_03_SNAC111903_src.csv;0;0;0;0;Nan;;;;
Benchmark officieux SRO;2021/02/08;121903;MethaBelAir;Methabelair_20210208_1;1,56972602739726;2;14;5,2;1;1;1;1;1;1;faire notre calcul par AGV détaillée;analyse faite par labo extérieur Biogaz ingénierie dans son suivi trimestriel. L’analyse est du 09/02 en réalité;Biogaz Ingéniérie;Biogaz Ingéniérie;Biogaz Ingéniérie;Dig ;2021-02-08_01_SNAC121903_src.csv;0;0;0;0;Nan;;;;
Benchmark officieux SRO;2021/06/14;121903;MethaBelAir;Methabelair_20210614_1;1,60205479452055;2,1;14;4,7;1;1;1;1;1;1;0;analyse faite par labo extérieur Biogaz ingénierie dans son suivi trimestriel. L’analyse est du 09/02 en réalité;Biogaz Ingéniérie;Biogaz Ingéniérie;Biogaz Ingéniérie;Dig ;2021-06-14_01_SNAC121903_src.csv;0;0;0;0;Nan;;;;
Benchmark officieux SRO;2021/09/13;121903;MethaBelAir;Methabelair_20210913_2;0,38;2,8;16;NaN;1;1;1;1;1;1;0;analyse faite par labo extérieur Biogaz ingénierie dans son suivi trimestriel. L’analyse est du 09/02 en réalité;Biogaz Ingéniérie;Biogaz Ingéniérie;Biogaz Ingéniérie;Dig ;2021-09-13_02_SNAC121903_src.csv;0;0;0;0;Nan;;;;
Benchmark officieux SRO;2021/02/08;111912;Methavert;Methavert_20210208_2;NaN;2,86;15,33;3,936;1;1;1;1;1;1;0;0;Planet;VFA_PLA;TAN_PLA;Dig 2;2021-02-08_02_SNAC111912_src.csv;0;0;0;0;Nan;;;;
Benchmark officieux SRO;2021/02/08;111912;Methavert;Methavert_20210208_1;NaN;2,65;14,724;3,897;1;1;1;1;1;1;0;0;Planet;VFA_PLA;TAN_PLA;Dig 1;2021-02-08_01_SNAC111912_src.csv;0;0;0;0;Nan;;;;
Benchmark officieux SRO;2021/03/08;111912;Methavert;Methavert_20210308_1;NaN;2,44;13,343;7,11;1;1;1;1;1;1;0;0;Planet;VFA_PLA;TAN_PLA;Dig 2;2021-03-08_02_SNAC111912_src.csv;0;0;0;0;Nan;;;;
Benchmark officieux SRO;2021/03/08;111912;Methavert;Methavert_20210308_2;NaN;2,46;13,695;3,303;1;1;1;1;1;1;0;0;Planet;VFA_PLA;TAN_PLA;Dig 1;2021-03-08_01_SNAC111912_src.csv;0;0;0;0;Nan;;x;>0,25;ca fit pas bien
Benchmark officieux SRO;2021/03/22;111912;Methavert;Methavert_20210322_1;0;2,43;14,349;NaN;1;2;1;1;1;1;pour le TAN je fais des moyenne;AGV par GC et TAN ?;Planet;VFA_PLA;TAN_PLA;Dig 1;2021-03-22_01_SNAC111912_src.csv;0;0;0;0;Nan;;;;
Benchmark officieux SRO;2021/03/22;111912;Methavert;Methavert_20210322_2;3,8964695915978;2,5;13,05;NaN;1;2;1;1;1;1;pour le TAN je fais des moyenne;0;Planet;VFA_PLA;TAN_PLA;Dig 2;2021-03-22_02_SNAC111912_src.csv;0;0;0;0;Nan;;;;
Benchmark officieux SRO;2021/04/06;111912;Methavert;Methavert_20210406_1;NaN;2,56;14,493;3,598;1;1;1;1;1;1;0;0;Planet;VFA_PLA;TAN_PLA;Dig 2;2021-04-06_02_SNAC111912_src.csv;0;0;0;0;Nan;;;;
Benchmark officieux SRO;2021/04/06;111912;Methavert;Methavert_20210406_2;NaN;2,4;14,348;3,163;1;1;1;1;1;1;0;0;Planet;VFA_PLA;TAN_PLA;Dig 1;2021-04-06_01_SNAC111912_src.csv;0;0;0;0;Nan;;;;
Benchmark officieux SRO;2021/05/03;111912;Methavert;Methavert_20210503_1;NaN;2,46;14,927;3,438;1;1;1;1;1;1;0;problème sur fichier entre dig 1 et dig 2;Planet;VFA_PLA;TAN_PLA;Dig 2;2021-05-03_01_SNAC111912_src.csv;0;0;0;0;Nan;;;;
Benchmark officieux SRO;2021/05/17;111912;Methavert;Methavert_20210517_1;NaN;2,47;13,722;3,072;1;2;1;1;1;1;pour le TAN je fais des moyenne;problème sur fichier entre dig 1 et dig 2;Planet;VFA_PLA;TAN_PLA;Dig 2;2021-05-17_01_SNAC111912_src.csv;0;0;0;0;Nan;;;;
Benchmark officieux SRO;2021/05/17;111912;Methavert;Methavert_20210517_2;NaN;2,47;14,365;3,14;1;2;1;1;1;1;pour le TAN je fais des moyenne;problème sur fichier entre dig 1 et dig 2;Planet;VFA_PLA;TAN_PLA;Dig 1;2021-05-17_02_SNAC111912_src.csv;0;0;0;0;Nan;;;;
Benchmark officieux SRO;2021/05/31;111912;Methavert;Methavert_20210531_2;NaN;2,34;14,793;3,319;1;1;1;1;1;1;0;problème sur fichier entre dig 1 et dig 2;Planet;VFA_PLA;TAN_PLA;Dig 2;2021-05-31_02_SNAC111912_src.csv;0;0;0;0;Nan;;;;
Benchmark officieux SRO;2021/05/31;111912;Methavert;Methavert_20210531_1;NaN;2,53;15,235;3,314;1;1;1;1;1;1;0;problème sur fichier entre dig 1 et dig 2;Planet;VFA_PLA;TAN_PLA;Dig 1;2021-05-31_01_SNAC111912_src.csv;0;0;0;0;Nan;;;;
Benchmark officieux SRO;2021/10/01;111912;Methavert;Methavert_20211001_1;3,56949436667805;2,5;0;NaN;1;2;NaN;1;1;1;0;0;Planet;VFA_PLA;TAN_PLA;Dig 2;2021-10-01_01_SNAC111912_src.csv;0;0;0;0;Nan;;;;
Benchmark officieux SRO;2020/06/02;111910;Cler Verts;ClerVerts_20200602_2;1,27197288647145;3,9;18,658;NaN;1;1;1;1;1;1;0;0;Planet;VFA_PLA;TAN_PLA;Dig 1;2020-06-02_02_SNAC111910_src.csv;0;0;0;0;Nan;;;;
Benchmark officieux SRO;2020/04/21;121907;Limovents;Limovents_20200421_1;0,218;3,94;19,866;NaN;1;1;1;1;1;1;0;0;Innolab;GC-FID;TAN_INN;Dig 2;2020-04-21_01_SNAC121907_src.csv;0;0;0;0;Nan;;x;>0,25;ca fit pas bien
Benchmark officieux SRO;2020/04/21;121907;Limovents;Limovents_20200421_2;0,087;2,91;16,093;NaN;1;1;1;1;1;1;0;0;Innolab;GC-FID;TAN_INN;Dig 1;2020-04-21_02_SNAC121907_src.csv;0;0;0;0;Nan;;;;
Benchmark officieux SRO;2020/05/05;121907;Limovents;Limovents_20200505_1;1,02570618800189;3,71;19,323;NaN;1;1;1;1;1;1;0;0;Innolab;GC-FID;TAN_INN;Dig 2;2020-05-05_01_SNAC121907_src.csv;0;0;0;0;Nan;;;;
Benchmark officieux SRO;2020/06/30;121907;Limovents;Limovents_20200630_1;0,64041095890411;4,24;22,214;NaN;1;1;1;1;1;1;0;Analyse du LBE;INRA;GC;VAP50 Vapodest;0;2020-06-30_01_SNAC121907_src.csv;0;1;4;modelisation parfaite. Du coup pas di’dée d’où viendrait cet ecart de presque x2;Nan;;;;
Benchmark officieux SRO;2020/07/13;121907;Limovents;Limovents_20200713_2;0,17;4,5;23,115;NaN;1;1;1;1;1;1;0;Analyse du LBE;INRA;GC;VAP50 Vapodest;0;2020-07-13_02_SNAC121907_src.csv;0;0;0;0;Nan;;;;
Benchmark officieux SRO;2020/08/04;121907;Limovents;Limovents_20200804_4;0,428082191780822;3,47;21,026;NaN;1;1;1;1;1;1;0;Analyse du LBE;INRA;GC;VAP50 Vapodest;0;2020-08-04_04_SNAC121907_src.csv;0;0;0;0;Nan;;;;
Benchmark officieux SRO;2020/09/01;121907;Limovents;Limovents_20200901_1;0,55041095890411;1,89;21,784;NaN;1;1;1;1;1;1;0;Analyse du LBE;INRA;GC;VAP50 Vapodest;0;2020-09-01_01_SNAC121907_src.csv;0;0;0;0;Nan;;;;
Benchmark officieux SRO;2020/09/29;121907;Limovents;Limovents_20200929_1;0,436164383561644;2,5;19,44;NaN;1;1;1;1;1;1;0;Analyse du LBE;INRA;GC;VAP50 Vapodest;0;2020-09-29_01_SNAC121907_src.csv;0;0;0;0;Nan;;;;
Benchmark officieux SRO;2020/10/27;121907;Limovents;Limovents_20201027_1;0,364246575342466;1,52;17,464;NaN;1;1;1;1;1;1;0;Analyse du LBE;INRA;GC;VAP50 Vapodest;0;2020-10-27_01_SNAC121907_src.csv;0;0;0;0;Nan;;;;
Benchmark officieux SRO;2020/07/13;121903;MethaBelAir;Methabelair_20200713_1;2,43132234574426;2,2;14,223;NaN;1;1;1;1;1;1;0;Analyse du LBE;INRA;GC;VAP50 Vapodest;0;2020-07-13_01_SNAC121903_src.csv;0;0;0;0;Nan;;;;
Benchmark officieux SRO;2020/11/02;121903;MethaBelAir;Methabelair_20201102_1;2,93056211620217;2,27;13,855;NaN;1;1;1;1;1;1;0;Analyse du LBE. Faite le jour après;INRA;GC;VAP50 Vapodest;0;2020-11-02_01_SNAC121903_src.csv;0;0;0;0;Nan;;;;
Benchmark officieux SRO;2020/11/09;121903;MethaBelAir;Methabelair_20201109_2;3,12148781434591;2,4;12,523;NaN;1;1;1;1;1;1;0;Analyse du LBE;INRA;GC;VAP50 Vapodest;0;2020-11-09_02_SNAC121903_src.csv;0;0;0;0;Nan;;;;
Benchmark officieux SRO;2020/11/24;121903;MethaBelAir;Methabelair_20201124_1;5,24386352192139;1,99;11,173;NaN;1;1;1;1;1;1;0;Analyse du LBE;INRA;GC;VAP50 Vapodest;0;2020-11-24_01_SNAC121903_src.csv;0;0;0;0;Nan;;;;
Benchmark officieux SRO;2021/12/13;121903;MethaBelAir;Methabelair_20211213_1;1,27678082191781;2,5;13,8;4,5;1;1;1;1;1;1;0;Analyse Wessling;Wessling;VFA_WES;TAN_WES;Dig 1;2021-12-13_01_SNAC121903_src.csv;0;0;0;0;Nan;;;;
Benchmark officieux SRO;2022/02/14;111911;Mydibel;Mydibel_20220214_2;4,30159656310459;1,54;0;NaN;1;1;1;1;1;1;0;Analyse Innolab;Innolab;GC-FID;TAN_INN;0;2022-02-14_02_SNAC111911_src.csv;0;0;0;0;Nan;;;;
Benchmark officieux SRO;2022/02/16;4450207;Biogaz_Services;BiogazServices_20220216_9;0,694452054794521;2,2;14,8;3,94;1;1;1;1;1;1;0;Anakyse wessling;Wessling;VFA_WES;TAN_WES;Dig 1;2022-02-16_09_SNAC04450207_src.csv;0;0;0;0;Nan;;y;;ca fit mal
Benchmark officieux SRO;22/06/2021;111910;Step de Furania;Furania_20210622_1;0,118;1,042;5,864;NaN;1;1;1;1;1;1;"AGV et TAN : valeur transmise par Furania. Pas de doc ufficiel.
TAC : par fos-TAC fait par client.";0;Carso;VFA_CAR;TAN_CAR;0;2021-06-22_01_SNAC111910_src.csv;0;0;0;0;Nan;;;;
Benchmark officieux SRO;2021/07/06;111910;Step de Furania;Furania_20210706_3;0;NaN;5,729;NaN;1;NaN;1;1;1;1;"AGV et TAN : valeur transmise par Furania. Pas de doc ufficiel.
TAC : par fos-TAC fait par client";0;Carso;VFA_CAR;TAN_CAR;0;2021-07-06_03_SNAC111910_src.csv;0;0;0;0;Nan;;;;
Benchmark officieux SRO;;;Mydibel;Mydibel_20220301₁;2,10010874564074;1,48;NaN;NaN;1;1;NaN;1;1;1;0;Analyse Innolab;Innolab;GC-FID;TAN_INN;0;2022-03-01_01_SNAC111911_src.csv;0;0;0;0;Nan;;;;
Benchmark officieux SRO;;;Step de Ginestous;StepGinestous_20220228_1;0,27;NaN;3,86;NaN;1;NaN;1;1;1;1;all analysis made in the lab with hach kit. We have the results in excel file ;0;Step Ginestous;LCK 365;LCK 502;0;2022-02-28_01_SNAC04450191_src.csv;0;0;0;0;Nan;;;;
Benchmark officieux SRO;;;Step de Ginestous;StepGinestous_20220302_4;0,291;0,775;4,24;NaN;1;1;1;1;1;1;all analysis made in the lab with hach kit. We have the results in excel file ;0;Step Ginestous;LCK 365;LCK 502;0;2022-03-02_04_SNAC04450191_src.csv;0;0;0;0;Nan;;;;
Benchmark officieux SRO;;;Step de Ginestous;StepGinestous_20220304_2;0,282;NaN;4,46;NaN;1;NaN;1;1;1;1;all analysis made in the lab with hach kit. We have the results in excel file ;0;Step Ginestous;LCK 365;LCK 502;0;2022-03-04_02_SNAC04450191_src.csv;0;0;0;0;Nan;;;;
Benchmark officieux SRO;;;Step de Ginestous;StepGinestous_20220307_1;0,259;NaN;4,34;NaN;1;NaN;1;1;1;1;all analysis made in the lab with hach kit. We have the results in excel file ;0;Step Ginestous;LCK 365;LCK 502;0;2022-03-07_01_SNAC04450191_src.csv;0;0;0;0;Nan;;;;
Benchmark officieux SRO;;;Step de Ginestous;StepGinestous_20220309_2;0,309;0,931;4,38;NaN;1;1;1;1;1;1;all analysis made in the lab with hach kit. We have the results in excel file ;0;Step Ginestous;LCK 365;LCK 502;0;2022-03-09_02_SNAC04450191_src.csv;0;0;0;0;Nan;;;;
Benchmark officieux SRO;;;Step de Ginestous;StepGinestous_20220311_1;0,302;NaN;4,3;NaN;1;NaN;1;1;1;1;all analysis made in the lab with hach kit. We have the results in excel file ;0;Step Ginestous;LCK 365;LCK 502;0;2022-03-11_01_SNAC04450191_src.csv;0;0;0;0;Nan;;;;
Benchmark officieux SRO;;;Step de Ginestous;StepGinestous_20220314_1;0,344;NaN;4,7;NaN;1;NaN;1;1;1;1;all analysis made in the lab with hach kit. We have the results in excel file ;0;Step Ginestous;LCK 365;LCK 502;0;2022-03-14_01_SNAC04450191_src.csv;0;0;0;0;Nan;;;;
Benchmark officieux SRO;;;Step de Ginestous;StepGinestous_20220316_1;0,34;0,99;4,72;NaN;1;1;1;1;1;1;all analysis made in the lab with hach kit. We have the results in excel file ;0;Step Ginestous;LCK 365;LCK 502;0;2022-03-16_01_SNAC04450191_src.csv;0;0;0;0;Nan;;;;
Benchmark officieux SRO;;;Step de Ginestous;StepGinestous_20220225_1;0,307;NaN;4,28;NaN;1;NaN;1;1;1;1;all analysis made in the lab with hach kit. We have the results in excel file ;0;Step Ginestous;LCK 365;LCK 502;0;2022-02-25_01_SNAC04450191_src.csv;0;0;0;0;Nan;;;;
Benchmark officieux SRO;;;Step de Ginestous;StepGinestous_20220228_2;0,374;NaN;4,12;NaN;1;NaN;1;1;1;1;all analysis made in the lab with hach kit. We have the results in excel file ;0;Step Ginestous;LCK 365;LCK 502;0;2022-02-28_02_SNAC04450191_src.csv;0;0;0;0;Nan;;;;
Benchmark officieux SRO;;;Step de Ginestous;StepGinestous_20220302_5;0,333;0,895;4,36;NaN;1;1;1;1;1;1;all analysis made in the lab with hach kit. We have the results in excel file ;0;Step Ginestous;LCK 365;LCK 502;0;2022-03-02_05_SNAC04450191_src.csv;0;0;0;0;Nan;;;;
Benchmark officieux SRO;;;Step de Ginestous;StepGinestous_20220304_3;0,304;NaN;4,44;NaN;1;NaN;1;1;1;1;all analysis made in the lab with hach kit. We have the results in excel file ;0;Step Ginestous;LCK 365;LCK 502;0;2022-03-04_03_SNAC04450191_src.csv;0;0;0;0;Nan;;;;
Benchmark officieux SRO;;;Step de Ginestous;StepGinestous_20220307_2;0,29;NaN;4,54;NaN;1;NaN;1;1;1;1;all analysis made in the lab with hach kit. We have the results in excel file ;0;Step Ginestous;LCK 365;LCK 502;0;2022-03-07_02_SNAC04450191_src.csv;0;0;0;0;Nan;;;;
Benchmark officieux SRO;;;Step de Ginestous;StepGinestous_20220309_4;0,293;1,049;4,46;NaN;1;1;1;1;1;1;all analysis made in the lab with hach kit. We have the results in excel file ;0;Step Ginestous;LCK 365;LCK 502;0;2022-03-09_04_SNAC04450191_src.csv;0;0;0;0;Nan;;;;
Benchmark officieux SRO;;;Step de Ginestous;StepGinestous_20220311_2;0,291;NaN;4,3;NaN;1;NaN;1;1;1;1;all analysis made in the lab with hach kit. We have the results in excel file ;0;Step Ginestous;LCK 365;LCK 502;0;2022-03-11_02_SNAC04450191_src.csv;0;0;0;0;Nan;;;;
Benchmark officieux SRO;;;Step de Ginestous;StepGinestous_20220314_2;0,326;NaN;4,62;NaN;1;NaN;1;1;1;1;all analysis made in the lab with hach kit. We have the results in excel file ;0;Step Ginestous;LCK 365;LCK 502;0;2022-03-14_02_SNAC04450191_src.csv;0;0;0;0;Nan;;;;
Benchmark officieux SRO;;;Step de Ginestous;StepGinestous_20220316_2;0,345;1,032;4,68;NaN;1;1;1;1;1;1;all analysis made in the lab with hach kit. We have the results in excel file ;0;Step Ginestous;LCK 365;LCK 502;0;2022-03-16_02_SNAC04450191_src.csv;0;0;0;0;Nan;;;;
Benchmark officieux SRO;;;Biogaz_Services;BiogazServices_20220321_2;0,26;2,06;13,1;3,3;1;1;1;1;1;1;0;Analyse Wessling dans le cadre du Benchmark avec Biogaz Services, pas de document officiel. Analyse SNAC faite la semaine d’après car la première n’a pas reussi. ;Step Ginestous;LCK 365;LCK 502;0;2022-03-21_02_SNAC04450207_src.csv;0;0;0;0;Nan;;;;
Benchmark officieux SRO;;;Methavert;Methavert_20211115_1;NaN;2,78;14,962;3,52;1;1;1;1;1;1;0;Analyse Planet;Planet;VFA_PLA;TAN_PLA;Dig 1;2021-11-15_01_SNAC111912_src.csv;0;0;0;0;Nan;;;;
Benchmark officieux SRO;;;Methavert;Methavert_20211115_2;NaN;2,87;14,812;3,855;1;1;1;1;1;1;0;Analyse Planet;Planet;VFA_PLA;TAN_PLA;Dig 2;2021-11-15_02_SNAC111912_src.csv;0;0;0;0;Nan;;;;
Benchmark officieux SRO;;;Methavert;Methavert_20211213_1;NaN;2,85;14,103;4,035;1;1;1;1;1;1;0;Analyse Planet;Planet;VFA_PLA;TAN_PLA;Dig 1;2021-12-13_01_SNAC111912_src.csv;0;0;0;0;Nan;;;;
Benchmark officieux SRO;;;Methavert;Methavert_20211213_2;NaN;2,9;12,038;3,095;1;1;1;1;1;1;0;Analyse Planet;Planet;VFA_PLA;TAN_PLA;Dig 2;2021-12-13_02_SNAC111912_src.csv;0;0;0;0;Nan;;;;
Benchmark officieux SRO;;;Methavert;Methavert_20220124_1;NaN;2,46;14,654;4,056;1;1;1;1;1;1;0;Analyse Planet;Planet;VFA_PLA;TAN_PLA;Dig 1;2022-01-24_01_SNAC111912_src.csv;0;0;0;0;Nan;;;;
Benchmark officieux SRO;;;Methavert;Methavert_20220124_2;NaN;2,48;14,084;3,834;1;1;1;1;1;1;0;Analyse Planet;Planet;VFA_PLA;TAN_PLA;Dig 2;2022-01-24_02_SNAC111912_src.csv;0;0;0;0;Nan;;;;
Benchmark officieux SRO;;;Methavert;Methavert_20220221_1;NaN;2,56;13,468;5,631;1;1;1;1;1;1;0;Analyse Planet;Planet;VFA_PLA;TAN_PLA;Dig 1;2022-02-21_01_SNAC111912_src.csv;0;0;0;0;Nan;;;;
Benchmark officieux SRO;;;Methavert;Methavert_20220221_3;NaN;2,26;11,994;3,482;1;1;1;1;1;1;0;Analyse Planet;Planet;VFA_PLA;TAN_PLA;Dig 2;2022-02-21_03_SNAC111912_src.csv;0;0;0;0;Nan;;;;
Benchmark officieux SRO;;;Methavert;Methavert_20220321_1;NaN;2,37;13,331;3,388;1;1;1;1;1;1;0;Analyse Planet;Planet;VFA_PLA;TAN_PLA;Dig 1;2022-03-21_01_SNAC111912_src.csv;0;0;0;0;Nan;;;;
Benchmark officieux SRO;;;Methavert;Methavert_20220321_2;NaN;2,37;13,145;3,436;1;1;1;1;1;1;0;Analyse Planet;Planet;VFA_PLA;TAN_PLA;Dig 2;2022-03-21_02_SNAC111912_src.csv;0;0;0;0;Nan;;;;
Benchmark officieux SRO;;;Mydibel;Mydibel_20220315_1;1,11218716160704;1,3;NaN;NaN;1;1;NaN;1;1;1;0;Analyse Innolab.Suivi pour un stage;Innolab;GC-FID;TAN_INN;Dig 1;2022-03-15_01_SNAC111911_src.csv;0;0;0;0;Nan;;;;
Benchmark officieux SRO;;;Mydibel;Mydibel_20220322_2;0,816686820973075;1,31;NaN;NaN;1;1;NaN;1;1;1;0;Analyse Innolab.Suivi pour un stage;Innolab;GC-FID;TAN_INN;Dig 1;2022-03-22_02_SNAC111911_src.csv;0;0;0;0;Nan;;;;
Benchmark officieux SRO;;;MethaBelAir;Methabelair_20220308_1;3,35054794520548;1,8;10,7;6,33;1;1;1;1;1;1;Analyse du 08/08/2022 car celle du jour meme n’a pas marché;Analyse Biogaz Ingéniérie;Wessling;VFA_WES;TAN_WES;Dig 1;2022-03-08_01_SNAC121903_src.csv;0;0;0;0;Nan;;;;
Benchmark officieux SRO;;;INRA;INRA_20220307_2;1,58;NaN;NaN;NaN;1;NaN;NaN;1;NaN;NaN;0;Analyse LBE fait pas Malo Snaglier et Pierre Boutet dans le cadre d comparaison avec d’autre analyse labo avant utilisation pour Biogaz Rio;INRA;GC;VAP50 Vapodest;0;2022-03-07_02_SNAC04450177_src.csv;0;0;0;0;Nan;;;;
Benchmark officieux SRO;;;INRA;INRA_20220425_1;3,42;5,32;NaN;NaN;1;1;NaN;1;1;NaN;0;Analyse LBE fait pas Malo Snaglier et Pierre Boutet dans le cadre d comparaison avec d’autre analyse labo avant utilisation pour Biogaz Rio;INRA;GC;VAP50 Vapodest;0;2022-04-25_02_SNAC04450177_src.csv;0;0;0;0;Nan;;;;
Benchmark officieux SRO;;;INRA;INRA_20220502_1;3,2;NaN;NaN;NaN;1;NaN;NaN;1;NaN;NaN;0;Analyse LBE fait pas Malo Snaglier et Pierre Boutet dans le cadre d comparaison avec d’autre analyse labo avant utilisation pour Biogaz Rio;INRA;GC;VAP50 Vapodest;0;2022-05-02_02_SNAC04450177_src.csv;0;0;0;0;Nan;;;;
Benchmark trend;0;111904;Biowatt;Biowatt_20210518_1;0,5;3,5;NaN;NaN;2;2;0;0;0;0;VFA et TAN sont données moyennes SNAC manuelle;0;None;0;0;0;2021-05-18_01_SNAC111904_src.csv;0;0;0;0;1;;;;
Benchmark trend;0;111904;Biowatt;Biowatt_20210525_1;0,5;3,5;NaN;NaN;2;2;0;0;0;0;VFA et TAN sont données moyennes SNAC manuelle;0;None;0;0;0;2021-05-25_01_SNAC111904_src.csv;0;0;0;0;1;;;;
Benchmark trend;0;111904;Biowatt;Biowatt_20210528_1;0,5;3,5;NaN;NaN;2;2;0;0;0;0;VFA et TAN sont données moyennes SNAC manuelle;0;None;0;0;0;2021-05-28_01_SNAC111904_src.csv;0;0;0;0;1;;;;
Benchmark trend;0;111904;Biowatt;Biowatt_20210601_1;0,5;3,5;NaN;NaN;2;2;0;0;0;0;VFA et TAN sont données moyennes SNAC manuelle;0;None;0;0;0;2021-06-01_01_SNAC111904_src.csv;0;0;0;0;1;;;;
Benchmark trend;0;111904;Biowatt;Biowatt_20210610_1;0,5;3,5;NaN;NaN;2;2;0;0;0;0;VFA et TAN sont données moyennes SNAC manuelle;0;None;0;0;0;2021-06-10_01_SNAC111904_src.csv;0;0;0;0;1;;;;
Benchmark trend;0;111904;Biowatt;Biowatt_20210616_1;0,5;3,5;NaN;NaN;2;2;0;0;0;0;VFA et TAN sont données moyennes SNAC manuelle;0;None;0;0;0;2021-06-16_01_SNAC111904_src.csv;0;0;0;0;1;;;;
Benchmark trend;0;111904;Biowatt;Biowatt_20210622_1;0,5;3,5;NaN;NaN;2;2;0;0;0;0;VFA et TAN sont données moyennes SNAC manuelle;0;None;0;0;0;2021-06-22_01_SNAC111904_src.csv;0;0;0;0;1;;;;
Benchmark trend;0;111904;Biowatt;Biowatt_20210629_1;0,5;3,5;NaN;NaN;2;2;0;0;0;0;VFA et TAN sont données moyennes SNAC manuelle;0;None;0;0;0;2021-06-29_01_SNAC111904_src.csv;0;0;0;0;1;;;;
Benchmark trend;0;111904;Biowatt;Biowatt_20210702_1;0,5;3,5;NaN;NaN;2;2;0;0;0;0;VFA et TAN sont données moyennes SNAC manuelle;0;None;0;0;0;2021-07-02_01_SNAC111904_src.csv;0;0;0;0;1;;;;
Benchmark trend;0;111904;Biowatt;Biowatt_20210706_1;0,5;3,5;NaN;NaN;2;2;0;0;0;0;VFA et TAN sont données moyennes SNAC manuelle;0;None;0;0;0;2021-07-06_01_SNAC111904_src.csv;0;0;0;0;1;;;;
Benchmark trend;0;111904;Biowatt;Biowatt_20210713_1;0,5;3,5;NaN;NaN;2;2;0;0;0;0;VFA et TAN sont données moyennes SNAC manuelle;0;None;0;0;0;2021-07-13_01_SNAC111904_src.csv;0;0;0;0;1;;;;
Benchmark trend;0;111904;Biowatt;Biowatt_20210719_1;0,5;3,5;NaN;NaN;2;2;0;0;0;0;VFA et TAN sont données moyennes SNAC manuelle;0;None;0;0;0;2021-07-19_01_SNAC111904_src.csv;0;0;0;0;1;;;;
Benchmark trend;0;111904;Biowatt;Biowatt_20210730_1;0,5;3,5;NaN;NaN;2;2;0;0;0;0;VFA et TAN sont données moyennes SNAC manuelle;0;None;0;0;0;2021-07-30_01_SNAC111904_src.csv;0;0;0;0;1;;;;
Benchmark trend;0;111904;Biowatt;Biowatt_20210803_2;0,5;3,5;NaN;NaN;2;2;0;0;0;0;VFA et TAN sont données moyennes SNAC manuelle;0;None;0;0;0;2021-08-03_02_SNAC111904_src.csv;0;0;0;0;1;;;;
Benchmark trend;0;111904;Biowatt;Biowatt_20210825_4;0,5;3,5;NaN;NaN;2;2;0;0;0;0;VFA et TAN sont données moyennes SNAC manuelle;0;None;0;0;0;2021-08-25_04_SNAC111904_src.csv;0;0;0;0;1;;;;
Benchmark trend;0;111904;Biowatt;Biowatt_20210902_1;1,5;3,5;NaN;NaN;2;2;0;0;0;0;VFA et TAN sont données moyennes SNAC manuelle;0;None;0;0;0;2021-09-02_01_SNAC111904_src.csv;0;0;0;0;1;;;;
Benchmark trend;0;111904;Biowatt;Biowatt_20210909_2;1,5;3,5;NaN;NaN;2;2;0;0;0;0;VFA et TAN sont données moyennes SNAC manuelle;0;None;0;0;0;2021-09-09_02_SNAC111904_src.csv;0;0;0;0;1;;;;
Benchmark trend;0;111912;Methavert;Methavert_20210628_1;NaN;1,6;NaN;NaN;2;2;0;0;0;0;TAN sont données moyennes SNAC manuelle;0;None;0;0;0;2021-06-28_01_SNAC111912_src.csv;0;0;0;0;1;;;;
Benchmark trend;0;111912;Methavert;Methavert_20210705_1;NaN;1,6;NaN;NaN;2;2;0;0;0;0;TAN sont données moyennes SNAC manuelle;0;None;0;0;0;2021-07-05_01_SNAC111912_src.csv;0;0;0;0;1;;;;
Benchmark trend;0;111912;Methavert;Methavert_20210712_1;NaN;1,7;NaN;NaN;2;2;0;0;0;0;TAN sont données moyennes SNAC manuelle;0;None;0;0;0;2021-07-12_01_SNAC111912_src.csv;0;0;0;0;2;;;;
Benchmark trend;0;111912;Methavert;Methavert_20210712_2;NaN;1,7;NaN;NaN;2;2;0;0;0;0;TAN sont données moyennes SNAC manuelle;0;None;0;0;0;2021-07-12_02_SNAC111912_src.csv;0;0;0;0;2;;;;
Benchmark trend;0;111912;Methavert;Methavert_20210719_1;NaN;1,7;NaN;NaN;2;2;0;0;0;0;TAN sont données moyennes SNAC manuelle;0;None;0;0;0;2021-07-19_01_SNAC111912_src.csv;0;0;0;0;2;;;;
Benchmark trend;0;111912;Methavert;Methavert_20210726_1;NaN;1,7;NaN;NaN;2;2;0;0;0;0;TAN sont données moyennes SNAC manuelle;0;None;0;0;0;2021-07-26_01_SNAC111912_src.csv;0;0;0;0;2;;;;
Benchmark trend;0;111912;Methavert;Methavert_20210802_3;NaN;1,8;NaN;NaN;2;2;0;0;0;0;TAN sont données moyennes SNAC manuelle;0;None;0;0;0;2021-08-02_03_SNAC111912_src.csv;0;0;0;0;3;;;;
Benchmark trend;0;111912;Methavert;Methavert_20210823_1;NaN;1,8;NaN;NaN;2;2;0;0;0;0;TAN sont données moyennes SNAC manuelle;0;None;0;0;0;2021-08-23_01_SNAC111912_src.csv;0;0;0;0;3;;;;
Benchmark trend;0;111912;Methavert;Methavert_20210825_1;NaN;1,8;NaN;NaN;2;2;0;0;0;0;TAN sont données moyennes SNAC manuelle;0;None;0;0;0;2021-08-25_01_SNAC111912_src.csv;0;0;0;0;3;;;;
Benchmark trend;0;111912;Methavert;Methavert_20210922_1;NaN;1,8;NaN;NaN;2;2;0;0;0;0;TAN sont données moyennes SNAC manuelle;0;None;0;0;0;2021-09-22_01_SNAC111912_src.csv;0;0;0;0;3;;;;
Benchmark trend;0;111912;Methavert;Methavert_20210922_2;NaN;1,8;NaN;NaN;2;2;0;0;0;0;TAN sont données moyennes SNAC manuelle;0;None;0;0;0;2021-09-22_02_SNAC111912_src.csv;0;0;0;0;3;;;;
Benchmark trend;0;111912;Methavert;Methavert_20210927_1;NaN;1,9;NaN;NaN;2;2;0;0;0;0;TAN sont données moyennes SNAC manuelle;0;None;0;0;0;2021-09-27_01_SNAC111912_src.csv;0;0;0;0;4;;;;
Benchmark trend;0;111912;Methavert;Methavert_20210927_2;NaN;1,9;NaN;NaN;2;2;0;0;0;0;TAN sont données moyennes SNAC manuelle;0;None;0;0;0;2021-09-27_02_SNAC111912_src.csv;0;0;0;0;4;;;;
Benchmark trend;0;111912;Methavert;Methavert_20210929_1;NaN;1,9;NaN;NaN;2;2;0;0;0;0;TAN sont données moyennes SNAC manuelle;0;None;0;0;0;2021-09-29_01_SNAC111912_src.csv;0;0;0;0;4;;;;
Benchmark trend;0;111912;Methavert;Methavert_20210930_1;NaN;1,9;NaN;NaN;2;2;0;0;0;0;TAN sont données moyennes SNAC manuelle;0;None;0;0;0;2021-09-30_01_SNAC111912_src.csv;0;0;0;0;4;;;;
Benchmark trend;0;111912;Methavert;Methavert_20210930_2;NaN;1,9;NaN;NaN;2;2;0;0;0;0;TAN sont données moyennes SNAC manuelle;0;None;0;0;0;2021-09-30_02_SNAC111912_src.csv;0;0;0;0;4;;;;
Benchmark trend;0;111912;Methavert;Methavert_20211001_2;NaN;2;NaN;NaN;2;2;0;0;0;0;TAN sont données moyennes SNAC manuelle;0;None;0;0;0;2021-10-01_02_SNAC111912_src.csv;0;0;0;0;5;;;;
Benchmark trend;0;111912;Methavert;Methavert_20211002_1;NaN;2;NaN;NaN;2;2;0;0;0;0;TAN sont données moyennes SNAC manuelle;0;None;0;0;0;2021-10-02_01_SNAC111912_src.csv;0;0;0;0;5;;;;
Benchmark trend;0;111912;Methavert;Methavert_20211002_2;NaN;2;NaN;NaN;2;2;0;0;0;0;TAN sont données moyennes SNAC manuelle;0;None;0;0;0;2021-10-02_02_SNAC111912_src.csv;0;0;0;0;5;;;;
Benchmark trend;0;111912;Methavert;Methavert_20211003_1;NaN;2;NaN;NaN;2;2;0;0;0;0;TAN sont données moyennes SNAC manuelle;0;None;0;0;0;2021-10-03_01_SNAC111912_src.csv;0;0;0;0;5;;;;
Benchmark trend;0;111912;Methavert;Methavert_20211003_2;NaN;2;NaN;NaN;2;2;0;0;0;0;TAN sont données moyennes SNAC manuelle;0;None;0;0;0;2021-10-03_02_SNAC111912_src.csv;0;0;0;0;5;;;;
Benchmark trend;0;111912;Methavert;Methavert_20211004_1;NaN;2;NaN;NaN;2;2;0;0;0;0;TAN sont données moyennes SNAC manuelle;0;None;0;0;0;2021-10-04_01_SNAC111912_src.csv;0;0;0;0;5;;;;
Benchmark trend;0;111912;Methavert;Methavert_20211004_2;NaN;2;NaN;NaN;2;2;0;0;0;0;TAN sont données moyennes SNAC manuelle;0;None;0;0;0;2021-10-04_02_SNAC111912_src.csv;0;0;0;0;5;;;;
Benchmark trend;0;111912;Methavert;Methavert_20211005_1;NaN;2;NaN;NaN;2;2;0;0;0;0;TAN sont données moyennes SNAC manuelle;0;None;0;0;0;2021-10-05_01_SNAC111912_src.csv;0;0;0;0;5;;;;
Benchmark trend;0;111912;Methavert;Methavert_20211005_2;NaN;2;NaN;NaN;2;2;0;0;0;0;TAN sont données moyennes SNAC manuelle;0;None;0;0;0;2021-10-05_02_SNAC111912_src.csv;0;0;0;0;5;;;;
Benchmark trend;0;111912;Methavert;Methavert_20211006_2;NaN;2;NaN;NaN;2;2;0;0;0;0;TAN sont données moyennes SNAC manuelle;0;None;0;0;0;2021-10-06_02_SNAC111912_src.csv;0;0;0;0;5;;;;
Benchmark trend;0;111912;Methavert;Methavert_20211006_4;NaN;2;NaN;NaN;2;2;0;0;0;0;TAN sont données moyennes SNAC manuelle;0;None;0;0;0;2021-10-06_04_SNAC111912_src.csv;0;0;0;0;5;;;;
Benchmark trend;0;111912;Methavert;Methavert_20211007_2;NaN;2;NaN;NaN;2;2;0;0;0;0;TAN sont données moyennes SNAC manuelle;0;None;0;0;0;2021-10-07_02_SNAC111912_src.csv;0;0;0;0;5;;;;
Benchmark trend;0;111912;Methavert;Methavert_20211007_4;NaN;2;NaN;NaN;2;2;0;0;0;0;TAN sont données moyennes SNAC manuelle;0;None;0;0;0;2021-10-07_04_SNAC111912_src.csv;0;0;0;0;5;;;;
Benchmark trend;0;111912;Methavert;Methavert_20211008_1;NaN;2;NaN;NaN;2;2;0;0;0;0;TAN sont données moyennes SNAC manuelle;0;None;0;0;0;2021-10-08_01_SNAC111912_src.csv;0;0;0;0;5;;;;
Benchmark trend;0;111912;Methavert;Methavert_20211008_2;NaN;2;NaN;NaN;2;2;0;0;0;0;TAN sont données moyennes SNAC manuelle;0;None;0;0;0;2021-10-08_02_SNAC111912_src.csv;0;0;0;0;5;;;;
Benchmark trend;0;111912;Methavert;Methavert_20211009_1;NaN;2;NaN;NaN;2;2;0;0;0;0;TAN sont données moyennes SNAC manuelle;0;None;0;0;0;2021-10-09_01_SNAC111912_src.csv;0;0;0;0;5;;;;
Benchmark trend;0;111912;Methavert;Methavert_20211009_2;NaN;2;NaN;NaN;2;2;0;0;0;0;TAN sont données moyennes SNAC manuelle;0;None;0;0;0;2021-10-09_02_SNAC111912_src.csv;0;0;0;0;5;;;;
Benchmark trend;0;111912;Methavert;Methavert_20211010_2;NaN;2;NaN;NaN;2;2;0;0;0;0;TAN sont données moyennes SNAC manuelle;0;None;0;0;0;2021-10-10_02_SNAC111912_src.csv;0;0;0;0;5;;;;
Benchmark trend;0;111912;Methavert;Methavert_20211011_1;NaN;2;NaN;NaN;2;2;0;0;0;0;TAN sont données moyennes SNAC manuelle;0;None;0;0;0;2021-10-11_01_SNAC111912_src.csv;0;0;0;0;5;;;;
Benchmark trend;0;111912;Methavert;Methavert_20211011_2;NaN;2;NaN;NaN;2;2;0;0;0;0;TAN sont données moyennes SNAC manuelle;0;None;0;0;0;2021-10-11_02_SNAC111912_src.csv;0;0;0;0;5;;;;
Benchmark trend;0;111912;Methavert;Methavert_20211012_1;NaN;2;NaN;NaN;2;2;0;0;0;0;TAN sont données moyennes SNAC manuelle;0;None;0;0;0;2021-10-12_01_SNAC111912_src.csv;0;0;0;0;5;;;;
Benchmark trend;0;111912;Methavert;Methavert_20211012_2;NaN;2;NaN;NaN;2;2;0;0;0;0;TAN sont données moyennes SNAC manuelle;0;None;0;0;0;2021-10-12_02_SNAC111912_src.csv;0;0;0;0;5;;;;
Benchmark trend;0;111912;Methavert;Methavert_20211013_1;NaN;2;NaN;NaN;2;2;0;0;0;0;TAN sont données moyennes SNAC manuelle;0;None;0;0;0;2021-10-13_01_SNAC111912_src.csv;0;0;0;0;5;;;;
Benchmark trend;0;111912;Methavert;Methavert_20211013_2;NaN;2;NaN;NaN;2;2;0;0;0;0;TAN sont données moyennes SNAC manuelle;0;None;0;0;0;2021-10-13_02_SNAC111912_src.csv;0;0;0;0;5;;;;
Benchmark trend;0;111912;Methavert;Methavert_20211014_1;NaN;2;NaN;NaN;2;2;0;0;0;0;TAN sont données moyennes SNAC manuelle;0;None;0;0;0;2021-10-14_01_SNAC111912_src.csv;0;0;0;0;5;;;;
Benchmark trend;0;111912;Methavert;Methavert_20211014_3;NaN;2;NaN;NaN;2;2;0;0;0;0;TAN sont données moyennes SNAC manuelle;0;None;0;0;0;2021-10-14_03_SNAC111912_src.csv;0;0;0;0;5;;;;
Benchmark trend;0;111912;Methavert;Methavert_20211015_2;NaN;2;NaN;NaN;2;2;0;0;0;0;TAN sont données moyennes SNAC manuelle;0;None;0;0;0;2021-10-15_02_SNAC111912_src.csv;0;0;0;0;5;;;;
Benchmark trend;0;111912;Methavert;Methavert_20211015_3;NaN;2;NaN;NaN;2;2;0;0;0;0;TAN sont données moyennes SNAC manuelle;0;None;0;0;0;2021-10-15_03_SNAC111912_src.csv;0;0;0;0;5;;;;
Benchmark trend;0;111912;Methavert;Methavert_20211016_1;NaN;2;NaN;NaN;2;2;0;0;0;0;TAN sont données moyennes SNAC manuelle;0;None;0;0;0;2021-10-16_01_SNAC111912_src.csv;0;0;0;0;5;;;;
Benchmark trend;0;111912;Methavert;Methavert_20211016_2;NaN;2;NaN;NaN;2;2;0;0;0;0;TAN sont données moyennes SNAC manuelle;0;None;0;0;0;2021-10-16_02_SNAC111912_src.csv;0;0;0;0;5;;;;
Benchmark trend;0;111912;Methavert;Methavert_20211018_1;NaN;2;NaN;NaN;2;2;0;0;0;0;TAN sont données moyennes SNAC manuelle;0;None;0;0;0;2021-10-18_01_SNAC111912_src.csv;0;0;0;0;5;;;;
Benchmark trend;0;111912;Methavert;Methavert_20211018_2;NaN;2;NaN;NaN;2;2;0;0;0;0;TAN sont données moyennes SNAC manuelle;0;None;0;0;0;2021-10-18_02_SNAC111912_src.csv;0;0;0;0;5;;;;
Benchmark trend;0;111912;Methavert;Methavert_20211020_1;NaN;2;NaN;NaN;2;2;0;0;0;0;TAN sont données moyennes SNAC manuelle;0;None;0;0;0;2021-10-20_01_SNAC111912_src.csv;0;0;0;0;5;;;;
Benchmark trend;0;111912;Methavert;Methavert_20211020_2;NaN;2;NaN;NaN;2;2;0;0;0;0;TAN sont données moyennes SNAC manuelle;0;None;0;0;0;2021-10-20_02_SNAC111912_src.csv;0;0;0;0;5;;;;
Benchmark trend;0;111912;Methavert;Methavert_20211022_1;NaN;2;NaN;NaN;2;2;0;0;0;0;TAN sont données moyennes SNAC manuelle;0;None;0;0;0;2021-10-22_01_SNAC111912_src.csv;0;0;0;0;5;;;;
Benchmark trend;0;111912;Methavert;Methavert_20211025_1;NaN;2;NaN;NaN;2;2;0;0;0;0;TAN sont données moyennes SNAC manuelle;0;None;0;0;0;2021-10-25_01_SNAC111912_src.csv;0;0;0;0;5;;;;
Benchmark trend;0;111912;Methavert;Methavert_20211025_3;NaN;2;NaN;NaN;2;2;0;0;0;0;TAN sont données moyennes SNAC manuelle;0;None;0;0;0;2021-10-25_03_SNAC111912_src.csv;0;0;0;0;5;;;;
Benchmark trend;0;111912;Methavert;Methavert_20211026_1;NaN;2;NaN;NaN;2;2;0;0;0;0;TAN sont données moyennes SNAC manuelle;0;None;0;0;0;2021-10-26_01_SNAC111912_src.csv;0;0;0;0;5;;;;
Benchmark trend;0;121901;Gatinais;Gatinais_20210706_1;0,7;2,6;NaN;NaN;2;2;0;0;0;0;TAN sont données moyennes SNAC manuelle;0;None;0;0;0;2021-07-06_01_SNAC121901_src.csv;0;0;0;0;1;;;;
Benchmark trend;0;121901;Gatinais;Gatinais_20210721_1;0,7;2,6;NaN;NaN;2;2;0;0;0;0;TAN sont données moyennes SNAC manuelle;0;None;0;0;0;2021-07-21_01_SNAC121901_src.csv;0;0;0;0;1;;;;
Benchmark trend;0;121901;Gatinais;Gatinais_20210727_2;0,7;2,6;NaN;NaN;2;2;0;0;0;0;TAN sont données moyennes SNAC manuelle;0;None;0;0;0;2021-07-27_02_SNAC121901_src.csv;0;0;0;0;1;;;;
Benchmark trend;0;121901;Gatinais;Gatinais_20210730_1;0,7;2,6;NaN;NaN;2;2;0;0;0;0;TAN sont données moyennes SNAC manuelle;0;None;0;0;0;2021-07-30_01_SNAC121901_src.csv;0;0;0;0;1;;;;
Benchmark trend;0;121901;Gatinais;Gatinais_20210803_1;0,7;2,6;NaN;NaN;2;2;0;0;0;0;TAN sont données moyennes SNAC manuelle;0;None;0;0;0;2021-08-03_01_SNAC121901_src.csv;0;0;0;0;1;;;;
Benchmark trend;0;121901;Gatinais;Gatinais_20210810_2;0,7;2,6;NaN;NaN;2;2;0;0;0;0;TAN sont données moyennes SNAC manuelle;0;None;0;0;0;2021-08-10_02_SNAC121901_src.csv;0;0;0;0;1;;;;
Benchmark trend;0;121901;Gatinais;Gatinais_20210823_1;0,7;2,6;NaN;NaN;2;2;0;0;0;0;TAN sont données moyennes SNAC manuelle;0;None;0;0;0;2021-08-23_01_SNAC121901_src.csv;0;0;0;0;1;;;;
Benchmark trend;0;121901;Gatinais;Gatinais_20210831_1;0,7;2,6;NaN;NaN;2;2;0;0;0;0;TAN sont données moyennes SNAC manuelle;0;None;0;0;0;2021-08-31_01_SNAC121901_src.csv;0;0;0;0;1;;;;
Benchmark trend;0;121901;Gatinais;Gatinais_20210903_2;0,7;2,6;NaN;NaN;2;2;0;0;0;0;TAN sont données moyennes SNAC manuelle;0;None;0;0;0;2021-09-03_02_SNAC121901_src.csv;0;0;0;0;1;;;;
Benchmark trend;0;121901;Gatinais;Gatinais_20210907_1;0,7;2,6;NaN;NaN;2;2;0;0;0;0;TAN sont données moyennes SNAC manuelle;0;None;0;0;0;2021-09-07_01_SNAC121901_src.csv;0;0;0;0;1;;;;
Benchmark trend;0;121901;Gatinais;Gatinais_20210913_1;0,7;2,6;NaN;NaN;2;2;0;0;0;0;TAN sont données moyennes SNAC manuelle;0;None;0;0;0;2021-09-13_01_SNAC121901_src.csv;0;0;0;0;1;;;;
Benchmark trend;0;121901;Gatinais;Gatinais_20210917_1;0,7;2,6;NaN;NaN;2;2;0;0;0;0;TAN sont données moyennes SNAC manuelle;0;None;0;0;0;2021-09-17_01_SNAC121901_src.csv;0;0;0;0;1;;;;
Benchmark trend;0;121901;Gatinais;Gatinais_20210923_1;0,7;2,6;NaN;NaN;2;2;0;0;0;0;TAN sont données moyennes SNAC manuelle;0;None;0;0;0;2021-09-23_01_SNAC121901_src.csv;0;0;0;0;1;;;;
Benchmark trend;0;121901;Gatinais;Gatinais_20210928_1;0,7;2,6;NaN;NaN;2;2;0;0;0;0;TAN sont données moyennes SNAC manuelle;0;None;0;0;0;2021-09-28_01_SNAC121901_src.csv;0;0;0;0;1;;;;
Benchmark trend;0;121901;Gatinais;Gatinais_20210930_1;0,7;2,6;NaN;NaN;2;2;0;0;0;0;TAN sont données moyennes SNAC manuelle;0;None;0;0;0;2021-09-30_01_SNAC121901_src.csv;0;0;0;0;1;;;;
Benchmark trend;0;121901;Gatinais;Gatinais_20211005_1;0,7;2,6;NaN;NaN;2;2;0;0;0;0;TAN sont données moyennes SNAC manuelle;0;None;0;0;0;2021-10-05_01_SNAC121901_src.csv;0;0;0;0;1;;;;
Benchmark trend;0;121901;Gatinais;Gatinais_20211008_1;0,7;2,6;NaN;NaN;2;2;0;0;0;0;TAN sont données moyennes SNAC manuelle;0;None;0;0;0;2021-10-08_01_SNAC121901_src.csv;0;0;0;0;1;;;;
Benchmark trend;0;111902;Step de Nantes;StepNantes_20210915_1;0,3;0,8;NaN;NaN;2;2;0;0;0;0;données moyennes depuis historique avec microkit LCK;0;None;0;0;0;2021-09-15_01_SNAC111902_src.csv;1;1;0;Mauvaise calibration;1;;;;
Benchmark trend;0;111902;Step de Nantes;StepNantes_20210916_1;0,3;0,8;NaN;NaN;2;2;0;0;0;0;données moyennes depuis historique avec microkit LCK;0;None;0;0;0;2021-09-16_01_SNAC111902_src.csv;0;0;0;0;1;;;;
Benchmark trend;0;111902;Step de Nantes;StepNantes_20210917_1;0,3;0,8;NaN;NaN;2;2;0;0;0;0;données moyennes depuis historique avec microkit LCK;0;None;0;0;0;2021-09-17_01_SNAC111902_src.csv;1;1;0;Mauvaise calibration;1;;;;
Benchmark trend;0;111902;Step de Nantes;StepNantes_20210920_1;0,3;0,8;NaN;NaN;2;2;0;0;0;0;données moyennes depuis historique avec microkit LCK;0;None;0;0;0;2021-09-20_01_SNAC111902_src.csv;0;0;0;0;1;;;;
Benchmark trend;0;111902;Step de Nantes;StepNantes_20210921_1;0,3;0,8;NaN;NaN;2;2;0;0;0;0;données moyennes depuis historique avec microkit LCK;0;None;0;0;0;2021-09-21_01_SNAC111902_src.csv;1;1;0;Mauvaise calibration;1;;;;
Benchmark trend;0;111902;Step de Nantes;StepNantes_20210922_1;0,3;0,8;NaN;NaN;2;2;0;0;0;0;données moyennes depuis historique avec microkit LCK;0;None;0;0;0;2021-09-22_01_SNAC111902_src.csv;0;0;0;0;1;;;;
Benchmark trend;0;111902;Step de Nantes;StepNantes_20210923_1;0,3;0,8;NaN;NaN;2;2;0;0;0;0;données moyennes depuis historique avec microkit LCK;0;None;0;0;0;2021-09-23_01_SNAC111902_src.csv;0;0;0;0;1;;;;
Benchmark trend;0;111902;Step de Nantes;StepNantes_20210924_1;0,3;0,8;NaN;NaN;2;2;0;0;0;0;données moyennes depuis historique avec microkit LCK;0;None;0;0;0;2021-09-24_01_SNAC111902_src.csv;0;0;0;0;1;;;;
Benchmark trend;0;111902;Step de Nantes;StepNantes_20210927_1;0,3;0,8;NaN;NaN;2;2;0;0;0;0;données moyennes depuis historique avec microkit LCK;0;None;0;0;0;2021-09-27_01_SNAC111902_src.csv;1;1;3;Mauvaise calibration;1;;;;
Benchmark trend;0;111902;Step de Nantes;StepNantes_20210928_1;0,3;0,8;NaN;NaN;2;2;0;0;0;0;données moyennes depuis historique avec microkit LCK;0;None;0;0;0;2021-09-28_01_SNAC111902_src.csv;0;0;0;0;1;;;;
Benchmark trend;0;111902;Step de Nantes;StepNantes_20210929_1;0,3;0,8;NaN;NaN;2;2;0;0;0;0;données moyennes depuis historique avec microkit LCK;0;None;0;0;0;2021-09-29_01_SNAC111902_src.csv;0;0;0;0;1;;;;
Benchmark trend;0;111902;Step de Nantes;StepNantes_20210930_1;0,3;0,8;NaN;NaN;2;2;0;0;0;0;données moyennes depuis historique avec microkit LCK;0;None;0;0;0;2021-09-30_01_SNAC111902_src.csv;1;1;3;Mauvaise calibration;1;;;;
Benchmark trend;0;111902;Step de Nantes;StepNantes_20211001_1;0,3;0,8;NaN;NaN;2;2;0;0;0;0;données moyennes depuis historique avec microkit LCK;0;None;0;0;0;2021-10-01_01_SNAC111902_src.csv;1;1;3;Mauvaise calibration;1;;;;
Benchmark trend;0;111902;Step de Nantes;StepNantes_20211004_1;0,3;0,8;NaN;NaN;2;2;0;0;0;0;données moyennes depuis historique avec microkit LCK;0;None;0;0;0;2021-10-04_01_SNAC111902_src.csv;1;1;3;Mauvaise calibration;1;;;;
Benchmark trend;0;111902;Step de Nantes;StepNantes_20211005_1;0,3;0,8;NaN;NaN;2;2;0;0;0;0;données moyennes depuis historique avec microkit LCK;0;None;0;0;0;2021-10-05_01_SNAC111902_src.csv;0;0;0;0;1;;;;
Benchmark trend;0;111902;Step de Nantes;StepNantes_20211006_1;0,3;0,8;NaN;NaN;2;2;0;0;0;0;données moyennes depuis historique avec microkit LCK;0;None;0;0;0;2021-10-06_01_SNAC111902_src.csv;1;1;3;Mauvaise calibration;1;;;;
Benchmark trend;0;111902;Step de Nantes;StepNantes_20211007_1;0,3;0,8;NaN;NaN;2;2;0;0;0;0;données moyennes depuis historique avec microkit LCK;0;None;0;0;0;2021-10-07_01_SNAC111902_src.csv;0;0;0;0;1;;;;
Benchmark trend;0;111902;Step de Nantes;StepNantes_20211008_1;0,3;0,8;NaN;NaN;2;2;0;0;0;0;données moyennes depuis historique avec microkit LCK;0;None;0;0;0;2021-10-08_01_SNAC111902_src.csv;0;0;0;0;1;;;;
Benchmark trend;0;111902;Step de Nantes;StepNantes_20211011_1;0,3;0,8;NaN;NaN;2;2;0;0;0;0;données moyennes depuis historique avec microkit LCK;0;None;0;0;0;2021-10-11_01_SNAC111902_src.csv;1;1;3;Mauvaise calibration;1;;;;
Benchmark trend;0;111902;Step de Nantes;StepNantes_20211012_1;0,3;0,8;NaN;NaN;2;2;0;0;0;0;données moyennes depuis historique avec microkit LCK;0;None;0;0;0;2021-10-12_01_SNAC111902_src.csv;1;1;3;Mauvaise calibration;1;;;;
Benchmark trend;0;111902;Step de Nantes;StepNantes_20211013_1;0,3;0,8;NaN;NaN;2;2;0;0;0;0;données moyennes depuis historique avec microkit LCK;0;None;0;0;0;2021-10-13_01_SNAC111902_src.csv;0;0;0;0;1;;;;
Benchmark trend;0;111902;Step de Nantes;StepNantes_20211014_1;0,3;0,8;NaN;NaN;2;2;0;0;0;0;données moyennes depuis historique avec microkit LCK;0;None;0;0;0;2021-10-14_01_SNAC111902_src.csv;0;0;0;0;1;;;;
Benchmark trend;0;111902;Step de Nantes;StepNantes_20211015_1;0,3;0,8;NaN;NaN;2;2;0;0;0;0;données moyennes depuis historique avec microkit LCK;0;None;0;0;0;2021-10-15_01_SNAC111902_src.csv;0;0;0;0;1;;;;
Benchmark trend;0;111902;Step de Nantes;StepNantes_20211018_1;0,3;0,8;NaN;NaN;2;2;0;0;0;0;données moyennes depuis historique avec microkit LCK;0;None;0;0;0;2021-10-18_01_SNAC111902_src.csv;0;0;0;0;1;;;;
Benchmark trend;0;111902;Step de Nantes;StepNantes_20211020_1;0,3;0,8;NaN;NaN;2;2;0;0;0;0;données moyennes depuis historique avec microkit LCK;0;None;0;0;0;2021-10-20_01_SNAC111902_src.csv;0;0;0;0;1;;;;
Benchmark trend;0;111902;Step de Nantes;StepNantes_20211021_1;0,3;0,8;NaN;NaN;2;2;0;0;0;0;données moyennes depuis historique avec microkit LCK;0;None;0;0;0;2021-10-21_01_SNAC111902_src.csv;1;1;3;Mauvaise calibration;1;;;;
Benchmark trend;0;111902;Step de Nantes;StepNantes_20211022_1;0,3;0,8;NaN;NaN;2;2;0;0;0;0;données moyennes depuis historique avec microkit LCK;0;None;0;0;0;2021-10-22_01_SNAC111902_src.csv;1;1;3;Mauvaise calibration;1;;;;
Benchmark trend;0;111902;Step de Nantes;StepNantes_20211025_2;0,3;0,8;NaN;NaN;2;2;0;0;0;0;données moyennes depuis historique avec microkit LCK;0;None;0;0;0;2021-10-25_02_SNAC111902_src.csv;1;1;3;Mauvaise calibration;1;;;;
Benchmark trend;0;111902;Step de Nantes;StepNantes_20211027_1;0,3;0,8;NaN;NaN;2;2;0;0;0;0;données moyennes depuis historique avec microkit LCK;0;None;0;0;0;2021-10-27_01_SNAC111902_src.csv;0;0;0;0;1;;;;
Benchmark trend;0;111902;Step de Nantes;StepNantes_20211028_1;0,3;0,8;NaN;NaN;2;2;0;0;0;0;données moyennes depuis historique avec microkit LCK;0;None;0;0;0;2021-10-28_01_SNAC111902_src.csv;0;0;0;0;1;;;;
Benchmark trend;0;111902;Step de Nantes;StepNantes_20211029_1;0,3;0,8;NaN;NaN;2;2;0;0;0;0;données moyennes depuis historique avec microkit LCK;0;None;0;0;0;2021-10-29_01_SNAC111902_src.csv;0;0;0;0;1;;;;
Benchmark trend;0;121906;Equimeth;Equimeth_20211231_2;0,3;2,85;NaN;NaN;2;2;0;0;0;0;TAN and VFA are average value from PIMS;0;None;0;0;0;2021-12-31_02_SNAC121906_src.csv;0;0;0;0;1;;;;
Benchmark trend;0;121906;Equimeth;Equimeth_20220104_1;0,3;2,85;NaN;NaN;2;2;0;0;0;0;TAN and VFA are average value from PIMS;0;None;0;0;0;2022-01-04_01_SNAC121906_src.csv;0;0;0;0;1;;;;
Benchmark trend;0;121906;Equimeth;Equimeth_20220104_2;0,3;2,85;NaN;NaN;2;2;0;0;0;0;TAN and VFA are average value from PIMS;0;None;0;0;0;2022-01-04_02_SNAC121906_src.csv;0;0;0;0;1;;;;
Benchmark trend;0;121906;Equimeth;Equimeth_20220107_1;0,3;2,85;NaN;NaN;2;2;0;0;0;0;TAN and VFA are average value from PIMS;0;None;0;0;0;2022-01-07_01_SNAC121906_src.csv;0;0;0;0;1;;;;
Benchmark trend;0;121906;Equimeth;Equimeth_20220107_2;0,3;2,85;NaN;NaN;2;2;0;0;0;0;TAN and VFA are average value from PIMS;0;None;0;0;0;2022-01-07_02_SNAC121906_src.csv;0;0;0;0;1;;;;
Benchmark trend;0;121906;Equimeth;Equimeth_20220111_2;0,3;2,85;NaN;NaN;2;2;0;0;0;0;TAN and VFA are average value from PIMS;0;None;0;0;0;2022-01-11_02_SNAC121906_src.csv;0;0;0;0;1;;;;
Benchmark trend;0;121906;Equimeth;Equimeth_20220111_3;0,3;2,85;NaN;NaN;2;2;0;0;0;0;TAN and VFA are average value from PIMS;0;None;0;0;0;2022-01-11_03_SNAC121906_src.csv;0;0;0;0;1;;;;
Benchmark trend;0;121906;Equimeth;Equimeth_20220114_1;0,3;2,85;NaN;NaN;2;2;0;0;0;0;TAN and VFA are average value from PIMS;0;None;0;0;0;2022-01-14_01_SNAC121906_src.csv;0;0;0;0;1;;;;
Benchmark trend;0;121906;Equimeth;Equimeth_20220117_2;0,3;2,85;NaN;NaN;2;2;0;0;0;0;TAN and VFA are average value from PIMS;0;None;0;0;0;2022-01-17_02_SNAC121906_src.csv;0;0;0;0;1;;;;
Benchmark trend;0;121906;Equimeth;Equimeth_20220117_3;0,3;2,85;NaN;NaN;2;2;0;0;0;0;TAN and VFA are average value from PIMS;0;None;0;0;0;2022-01-17_03_SNAC121906_src.csv;0;0;0;0;1;;;;
Benchmark trend;0;121906;Equimeth;Equimeth_20220120_1;0,3;2,85;NaN;NaN;2;2;0;0;0;0;TAN and VFA are average value from PIMS;0;None;0;0;0;2022-01-20_01_SNAC121906_src.csv;0;0;0;0;1;;;;
Benchmark trend;0;121906;Equimeth;Equimeth_20220120_2;0,3;2,85;NaN;NaN;2;2;0;0;0;0;TAN and VFA are average value from PIMS;0;None;0;0;0;2022-01-20_02_SNAC121906_src.csv;0;0;0;0;1;;;;
Benchmark trend;0;121906;Equimeth;Equimeth_20220125_1;0,3;2,85;NaN;NaN;2;2;0;0;0;0;TAN and VFA are average value from PIMS;0;None;0;0;0;2022-01-25_01_SNAC121906_src.csv;0;0;0;0;1;;;;
Benchmark trend;0;121906;Equimeth;Equimeth_20220128_1;0,3;2,85;NaN;NaN;2;2;0;0;0;0;TAN and VFA are average value from PIMS;0;None;0;0;0;2022-01-28_01_SNAC121906_src.csv;0;0;0;0;1;;;;
Benchmark trend;0;121906;Equimeth;Equimeth_20220204_2;0,3;2,85;NaN;NaN;2;2;0;0;0;0;TAN and VFA are average value from PIMS;0;None;0;0;0;2022-02-04_02_SNAC121906_src.csv;0;0;0;0;1;;;;
Benchmark trend;0;121906;Equimeth;Equimeth_20220208_1;0,3;2,85;NaN;NaN;2;2;0;0;0;0;TAN and VFA are average value from PIMS;0;None;0;0;0;2022-02-08_01_SNAC121906_src.csv;0;0;0;0;1;;;;
Benchmark trend;0;121906;Equimeth;Equimeth_20220208_2;0,3;2,85;NaN;NaN;2;2;0;0;0;0;TAN and VFA are average value from PIMS;0;None;0;0;0;2022-02-08_02_SNAC121906_src.csv;0;0;0;0;1;;;;
Benchmark trend;0;121906;Equimeth;Equimeth_20220210_1;0,3;2,85;NaN;NaN;2;2;0;0;0;0;TAN and VFA are average value from PIMS;0;None;0;0;0;2022-02-10_01_SNAC121906_src.csv;0;0;0;0;1;;;;
Benchmark trend;0;121906;Equimeth;Equimeth_20220211_1;0,3;2,85;NaN;NaN;2;2;0;0;0;0;TAN and VFA are average value from PIMS;0;None;0;0;0;2022-02-11_01_SNAC121906_src.csv;0;0;0;0;1;;;;
Benchmark trend;0;121906;Equimeth;Equimeth_20220211_2;0,3;2,85;NaN;NaN;2;2;0;0;0;0;TAN and VFA are average value from PIMS;0;None;0;0;0;2022-02-11_02_SNAC121906_src.csv;0;0;0;0;1;;;;
Benchmark trend;0;121906;Equimeth;Equimeth_20220215_2;0,3;2,85;NaN;NaN;2;2;0;0;0;0;TAN and VFA are average value from PIMS;0;None;0;0;0;2022-02-15_02_SNAC121906_src.csv;0;0;0;0;1;;;;
Benchmark trend;0;121906;Equimeth;Equimeth_20220218_1;0,3;2,85;NaN;NaN;2;2;0;0;0;0;TAN and VFA are average value from PIMS;0;None;0;0;0;2022-02-18_01_SNAC121906_src.csv;0;0;0;0;1;;;;
Benchmark trend;0;121906;Equimeth;Equimeth_20220223_1;0,3;2,85;NaN;NaN;2;2;0;0;0;0;TAN and VFA are average value from PIMS;0;None;0;0;0;2022-02-23_01_SNAC121906_src.csv;0;0;0;0;1;;;;
